bg_1,bg_2,site,JSD,JSD_min3bc,JSD_min5bc
Wuhan-Hu-1,Omicron_BA1,331,0.007883,0.007757,0.007757
Wuhan-Hu-1,Omicron_BA1,332,0.00671,0.007415,0.007415
Wuhan-Hu-1,Omicron_BA1,333,0.011094,0.011038,0.011038
Wuhan-Hu-1,Omicron_BA1,334,0.006119,0.006119,0.006119
Wuhan-Hu-1,Omicron_BA1,335,0.005134,0.005134,0.005134
Wuhan-Hu-1,Omicron_BA1,336,0.016539,0.016539,0.016539
Wuhan-Hu-1,Omicron_BA1,337,0.006006,0.006006,0.006006
Wuhan-Hu-1,Omicron_BA1,338,0.014741,0.014741,0.014741
Wuhan-Hu-1,Omicron_BA1,339,0.009291,0.009698,0.009698
Wuhan-Hu-1,Omicron_BA1,340,0.010134,0.010134,0.010134
Wuhan-Hu-1,Omicron_BA1,341,0.020993,0.027987,0.027987
Wuhan-Hu-1,Omicron_BA1,342,0.02037,0.02037,0.02037
Wuhan-Hu-1,Omicron_BA1,343,0.016014,0.016014,0.016014
Wuhan-Hu-1,Omicron_BA1,344,0.00956,0.00956,0.00956
Wuhan-Hu-1,Omicron_BA1,345,0.006069,0.006069,0.006069
Wuhan-Hu-1,Omicron_BA1,346,0.002563,0.002563,0.002563
Wuhan-Hu-1,Omicron_BA1,347,0.017466,0.017466,0.017466
Wuhan-Hu-1,Omicron_BA1,348,0.014076,0.013672,0.013672
Wuhan-Hu-1,Omicron_BA1,349,0.074224,0.079602,0.079602
Wuhan-Hu-1,Omicron_BA1,350,0.031488,0.031488,0.031488
Wuhan-Hu-1,Omicron_BA1,351,0.046013,0.046013,0.046013
Wuhan-Hu-1,Omicron_BA1,352,0.01127,0.01127,0.01127
Wuhan-Hu-1,Omicron_BA1,353,0.036526,0.036526,0.036526
Wuhan-Hu-1,Omicron_BA1,354,0.009424,0.009424,0.009424
Wuhan-Hu-1,Omicron_BA1,355,0.015558,0.015558,0.015558
Wuhan-Hu-1,Omicron_BA1,356,0.012814,0.012814,0.012814
Wuhan-Hu-1,Omicron_BA1,357,0.003907,0.003907,0.003907
Wuhan-Hu-1,Omicron_BA1,358,0.014078,0.014078,0.014078
Wuhan-Hu-1,Omicron_BA1,359,0.011607,0.011607,0.011607
Wuhan-Hu-1,Omicron_BA1,360,0.005666,0.005666,0.005666
Wuhan-Hu-1,Omicron_BA1,361,0.02435,0.02435,0.02435
Wuhan-Hu-1,Omicron_BA1,362,0.008951,0.008951,0.008951
Wuhan-Hu-1,Omicron_BA1,363,0.038492,0.038492,0.038492
Wuhan-Hu-1,Omicron_BA1,364,0.013032,0.013032,0.013032
Wuhan-Hu-1,Omicron_BA1,365,0.004008,0.004008,0.004008
Wuhan-Hu-1,Omicron_BA1,366,0.02942,0.02942,0.02942
Wuhan-Hu-1,Omicron_BA1,367,0.010772,0.010772,0.010772
Wuhan-Hu-1,Omicron_BA1,368,0.010975,0.010975,0.010975
Wuhan-Hu-1,Omicron_BA1,369,0.011749,0.011749,0.011749
Wuhan-Hu-1,Omicron_BA1,370,0.006319,0.006319,0.006319
Wuhan-Hu-1,Omicron_BA1,371,0.021978,0.021978,0.021978
Wuhan-Hu-1,Omicron_BA1,372,0.020164,0.020164,0.020164
Wuhan-Hu-1,Omicron_BA1,373,0.026256,0.026256,0.026256
Wuhan-Hu-1,Omicron_BA1,374,0.052378,0.052378,0.052378
Wuhan-Hu-1,Omicron_BA1,375,0.017464,0.017464,0.017464
Wuhan-Hu-1,Omicron_BA1,376,0.010394,0.010394,0.010394
Wuhan-Hu-1,Omicron_BA1,377,0.028512,0.028512,0.028512
Wuhan-Hu-1,Omicron_BA1,378,0.015399,0.015399,0.015399
Wuhan-Hu-1,Omicron_BA1,379,0.018548,0.018548,0.018548
Wuhan-Hu-1,Omicron_BA1,380,0.003082,0.003082,0.003082
Wuhan-Hu-1,Omicron_BA1,381,0.009577,0.009577,0.009577
Wuhan-Hu-1,Omicron_BA1,382,0.005176,0.005176,0.005176
Wuhan-Hu-1,Omicron_BA1,383,0.017184,0.017184,0.017184
Wuhan-Hu-1,Omicron_BA1,384,0.005461,0.005461,0.005461
Wuhan-Hu-1,Omicron_BA1,385,0.001678,0.001678,0.001678
Wuhan-Hu-1,Omicron_BA1,386,0.006119,0.006119,0.006119
Wuhan-Hu-1,Omicron_BA1,387,0.013964,0.013964,0.013964
Wuhan-Hu-1,Omicron_BA1,388,0.007387,0.007387,0.007387
Wuhan-Hu-1,Omicron_BA1,389,0.005624,0.005624,0.005624
Wuhan-Hu-1,Omicron_BA1,390,0.009326,0.009326,0.009326
Wuhan-Hu-1,Omicron_BA1,391,0.019097,0.019097,0.019097
Wuhan-Hu-1,Omicron_BA1,392,0.018589,0.018589,0.018589
Wuhan-Hu-1,Omicron_BA1,393,0.008664,0.008664,0.008664
Wuhan-Hu-1,Omicron_BA1,394,0.010839,0.010839,0.010839
Wuhan-Hu-1,Omicron_BA1,395,0.011415,0.011415,0.011415
Wuhan-Hu-1,Omicron_BA1,396,0.00368,0.00368,0.00368
Wuhan-Hu-1,Omicron_BA1,397,0.015031,0.015031,0.015031
Wuhan-Hu-1,Omicron_BA1,398,0.022541,0.022541,0.022541
Wuhan-Hu-1,Omicron_BA1,399,0.019825,0.019825,0.019825
Wuhan-Hu-1,Omicron_BA1,400,0.005847,0.005847,0.005847
Wuhan-Hu-1,Omicron_BA1,401,0.076705,0.076705,0.076705
Wuhan-Hu-1,Omicron_BA1,402,0.02343,0.02343,0.02343
Wuhan-Hu-1,Omicron_BA1,403,0.058689,0.058689,0.058689
Wuhan-Hu-1,Omicron_BA1,404,0.010434,0.010434,0.010434
Wuhan-Hu-1,Omicron_BA1,405,0.040826,0.040826,0.040826
Wuhan-Hu-1,Omicron_BA1,406,0.138759,0.138759,0.138759
Wuhan-Hu-1,Omicron_BA1,407,0.019241,0.019241,0.019241
Wuhan-Hu-1,Omicron_BA1,408,0.015204,0.015204,0.015204
Wuhan-Hu-1,Omicron_BA1,409,0.043539,0.043539,0.043539
Wuhan-Hu-1,Omicron_BA1,410,0.011651,0.011651,0.011651
Wuhan-Hu-1,Omicron_BA1,411,0.03166,0.031359,0.031359
Wuhan-Hu-1,Omicron_BA1,412,0.03876,0.03876,0.03876
Wuhan-Hu-1,Omicron_BA1,413,0.010797,0.010797,0.010797
Wuhan-Hu-1,Omicron_BA1,414,0.009999,0.009999,0.009999
Wuhan-Hu-1,Omicron_BA1,415,0.011612,0.011612,0.011612
Wuhan-Hu-1,Omicron_BA1,416,0.004185,0.004185,0.004185
Wuhan-Hu-1,Omicron_BA1,417,0.048197,0.048381,0.048381
Wuhan-Hu-1,Omicron_BA1,418,0.02256,0.02256,0.02256
Wuhan-Hu-1,Omicron_BA1,419,0.171641,0.1848,0.1848
Wuhan-Hu-1,Omicron_BA1,420,0.010675,0.010675,0.010675
Wuhan-Hu-1,Omicron_BA1,421,0.040262,0.040262,0.040262
Wuhan-Hu-1,Omicron_BA1,422,0.020949,0.020949,0.020949
Wuhan-Hu-1,Omicron_BA1,423,0.010918,0.010918,0.010918
Wuhan-Hu-1,Omicron_BA1,424,0.046466,0.046466,0.046466
Wuhan-Hu-1,Omicron_BA1,425,0.017045,0.016451,0.016451
Wuhan-Hu-1,Omicron_BA1,426,0.036201,0.028504,0.028504
Wuhan-Hu-1,Omicron_BA1,427,0.007258,0.007258,0.007258
Wuhan-Hu-1,Omicron_BA1,428,0.013123,0.005136,0.005136
Wuhan-Hu-1,Omicron_BA1,429,0.030795,0.016984,0.016984
Wuhan-Hu-1,Omicron_BA1,430,0.008988,0.008988,0.008988
Wuhan-Hu-1,Omicron_BA1,431,0.017265,0.009793,0.009793
Wuhan-Hu-1,Omicron_BA1,432,0.038243,0.029842,0.029842
Wuhan-Hu-1,Omicron_BA1,433,0.015377,0.011611,0.011611
Wuhan-Hu-1,Omicron_BA1,434,0.009255,0.009255,0.009255
Wuhan-Hu-1,Omicron_BA1,435,0.05941,0.059393,0.059393
Wuhan-Hu-1,Omicron_BA1,436,0.056104,0.056028,0.056028
Wuhan-Hu-1,Omicron_BA1,437,0.061754,0.061754,0.061754
Wuhan-Hu-1,Omicron_BA1,438,0.05435,0.049004,0.049004
Wuhan-Hu-1,Omicron_BA1,439,0.134289,0.134289,0.134289
Wuhan-Hu-1,Omicron_BA1,440,0.010067,0.010067,0.010067
Wuhan-Hu-1,Omicron_BA1,441,0.00678,0.006635,0.006635
Wuhan-Hu-1,Omicron_BA1,442,0.041977,0.041977,0.041977
Wuhan-Hu-1,Omicron_BA1,443,0.009511,0.009462,0.009462
Wuhan-Hu-1,Omicron_BA1,444,0.021078,0.021131,0.021131
Wuhan-Hu-1,Omicron_BA1,445,0.009621,0.009621,0.009621
Wuhan-Hu-1,Omicron_BA1,446,0.041752,0.046032,0.046032
Wuhan-Hu-1,Omicron_BA1,447,0.040354,0.035525,0.035525
Wuhan-Hu-1,Omicron_BA1,448,0.073524,0.074386,0.074386
Wuhan-Hu-1,Omicron_BA1,449,0.377361,0.377361,0.377361
Wuhan-Hu-1,Omicron_BA1,450,0.013437,0.013437,0.013437
Wuhan-Hu-1,Omicron_BA1,451,0.05553,0.05553,0.05553
Wuhan-Hu-1,Omicron_BA1,452,0.016968,0.016968,0.016968
Wuhan-Hu-1,Omicron_BA1,453,0.039149,0.032755,0.032755
Wuhan-Hu-1,Omicron_BA1,454,0.013125,0.012942,0.012942
Wuhan-Hu-1,Omicron_BA1,455,0.312662,0.281342,0.281342
Wuhan-Hu-1,Omicron_BA1,456,0.100992,0.095015,0.095015
Wuhan-Hu-1,Omicron_BA1,457,0.041873,0.041873,0.041873
Wuhan-Hu-1,Omicron_BA1,458,0.016557,0.016557,0.016557
Wuhan-Hu-1,Omicron_BA1,459,0.008705,0.010493,0.010493
Wuhan-Hu-1,Omicron_BA1,460,0.011288,0.010839,0.010839
Wuhan-Hu-1,Omicron_BA1,461,0.036692,0.036692,0.036692
Wuhan-Hu-1,Omicron_BA1,462,0.007081,0.007375,0.007375
Wuhan-Hu-1,Omicron_BA1,463,0.065293,0.065293,0.065293
Wuhan-Hu-1,Omicron_BA1,464,0.04015,0.033085,0.033085
Wuhan-Hu-1,Omicron_BA1,465,0.040664,0.040664,0.040664
Wuhan-Hu-1,Omicron_BA1,466,0.047017,0.045875,0.045875
Wuhan-Hu-1,Omicron_BA1,467,0.037682,0.027057,0.027057
Wuhan-Hu-1,Omicron_BA1,468,0.016007,0.01631,0.01631
Wuhan-Hu-1,Omicron_BA1,469,0.02627,0.02627,0.02627
Wuhan-Hu-1,Omicron_BA1,470,0.015169,0.017183,0.017183
Wuhan-Hu-1,Omicron_BA1,471,0.017602,0.017602,0.017602
Wuhan-Hu-1,Omicron_BA1,472,0.028734,0.028734,0.028734
Wuhan-Hu-1,Omicron_BA1,473,0.011196,0.011164,0.011164
Wuhan-Hu-1,Omicron_BA1,474,0.033599,0.033599,0.033599
Wuhan-Hu-1,Omicron_BA1,475,0.05603,0.054883,0.054883
Wuhan-Hu-1,Omicron_BA1,476,0.092016,0.091683,0.091683
Wuhan-Hu-1,Omicron_BA1,477,0.010095,0.010095,0.010095
Wuhan-Hu-1,Omicron_BA1,478,0.010659,0.011191,0.011191
Wuhan-Hu-1,Omicron_BA1,479,0.021519,0.02878,0.02878
Wuhan-Hu-1,Omicron_BA1,480,0.010687,0.000157,0.000157
Wuhan-Hu-1,Omicron_BA1,481,0.014209,0.014209,0.014209
Wuhan-Hu-1,Omicron_BA1,482,0.023271,0.023271,0.023271
Wuhan-Hu-1,Omicron_BA1,483,0.017964,0.016878,0.016878
Wuhan-Hu-1,Omicron_BA1,484,0.035699,0.035699,0.035699
Wuhan-Hu-1,Omicron_BA1,485,0.043076,0.041003,0.041003
Wuhan-Hu-1,Omicron_BA1,486,0.021158,0.021982,0.021982
Wuhan-Hu-1,Omicron_BA1,487,0.024301,0.019495,0.019495
Wuhan-Hu-1,Omicron_BA1,488,0.006016,0.005893,0.005893
Wuhan-Hu-1,Omicron_BA1,489,0.002278,0.001445,0.001445
Wuhan-Hu-1,Omicron_BA1,490,0.02865,0.02865,0.02865
Wuhan-Hu-1,Omicron_BA1,491,0.137076,0.063982,0.063982
Wuhan-Hu-1,Omicron_BA1,492,0.018815,0.01855,0.01855
Wuhan-Hu-1,Omicron_BA1,493,0.065241,0.043281,0.043281
Wuhan-Hu-1,Omicron_BA1,494,0.108542,0.108542,0.108542
Wuhan-Hu-1,Omicron_BA1,495,0.066876,0.009317,0.009317
Wuhan-Hu-1,Omicron_BA1,496,0.096167,0.096167,0.096167
Wuhan-Hu-1,Omicron_BA1,497,0.025855,0.025855,0.025855
Wuhan-Hu-1,Omicron_BA1,498,0.523212,0.523212,0.523212
Wuhan-Hu-1,Omicron_BA1,499,0.10135,0.10135,0.10135
Wuhan-Hu-1,Omicron_BA1,500,0.059792,0.059792,0.059792
Wuhan-Hu-1,Omicron_BA1,501,0.282566,0.282566,0.282566
Wuhan-Hu-1,Omicron_BA1,502,0.005535,0.005535,0.005535
Wuhan-Hu-1,Omicron_BA1,503,0.033089,0.033089,0.033089
Wuhan-Hu-1,Omicron_BA1,504,0.023796,0.023102,0.023102
Wuhan-Hu-1,Omicron_BA1,505,0.172634,0.172602,0.172602
Wuhan-Hu-1,Omicron_BA1,506,0.0905,0.0905,0.0905
Wuhan-Hu-1,Omicron_BA1,507,0.022222,0.02186,0.02186
Wuhan-Hu-1,Omicron_BA1,508,0.03181,0.03181,0.03181
Wuhan-Hu-1,Omicron_BA1,509,0.011172,0.007448,0.007448
Wuhan-Hu-1,Omicron_BA1,510,0.013092,0.00988,0.00988
Wuhan-Hu-1,Omicron_BA1,511,0.042609,0.039633,0.039633
Wuhan-Hu-1,Omicron_BA1,512,0.01427,0.012463,0.012463
Wuhan-Hu-1,Omicron_BA1,513,0.011123,0.00948,0.00948
Wuhan-Hu-1,Omicron_BA1,514,0.009731,0.010617,0.010617
Wuhan-Hu-1,Omicron_BA1,515,0.014867,0.014867,0.014867
Wuhan-Hu-1,Omicron_BA1,516,0.013012,0.013012,0.013012
Wuhan-Hu-1,Omicron_BA1,517,0.005662,0.005662,0.005662
Wuhan-Hu-1,Omicron_BA1,518,0.003587,0.003587,0.003587
Wuhan-Hu-1,Omicron_BA1,519,0.010315,0.010315,0.010315
Wuhan-Hu-1,Omicron_BA1,520,0.005061,0.005061,0.005271
Wuhan-Hu-1,Omicron_BA1,521,0.009178,0.009774,0.009774
Wuhan-Hu-1,Omicron_BA1,522,0.005445,0.006322,0.006322
Wuhan-Hu-1,Omicron_BA1,523,0.007783,0.007579,0.007579
Wuhan-Hu-1,Omicron_BA1,524,0.010024,0.003068,0.003068
Wuhan-Hu-1,Omicron_BA1,525,0.015509,0.015509,0.015509
Wuhan-Hu-1,Omicron_BA1,526,0.003812,0.00422,0.00422
Wuhan-Hu-1,Omicron_BA1,527,0.007196,0.00652,0.00652
Wuhan-Hu-1,Omicron_BA1,528,0.00509,0.00509,0.00509
Wuhan-Hu-1,Omicron_BA1,529,0.005041,0.005551,0.005551
Wuhan-Hu-1,Omicron_BA1,530,0.00583,0.003581,0.003581
Wuhan-Hu-1,Omicron_BA1,531,0.008171,0.001627,0.001627
Wuhan-Hu-1,Omicron_BA2,331,0.007129,0.007692,0.007692
Wuhan-Hu-1,Omicron_BA2,332,0.002377,0.00264,0.00264
Wuhan-Hu-1,Omicron_BA2,333,0.012261,0.009367,0.009367
Wuhan-Hu-1,Omicron_BA2,334,0.005781,0.005781,0.005781
Wuhan-Hu-1,Omicron_BA2,335,0.001106,0.001106,0.001106
Wuhan-Hu-1,Omicron_BA2,336,0.010585,0.010585,0.010585
Wuhan-Hu-1,Omicron_BA2,337,0.00575,0.00575,0.00575
Wuhan-Hu-1,Omicron_BA2,338,0.01847,0.01847,0.01847
Wuhan-Hu-1,Omicron_BA2,339,0.022604,0.023286,0.023286
Wuhan-Hu-1,Omicron_BA2,340,0.015709,0.015709,0.015709
Wuhan-Hu-1,Omicron_BA2,341,0.019977,0.026885,0.026885
Wuhan-Hu-1,Omicron_BA2,342,0.031367,0.031367,0.031367
Wuhan-Hu-1,Omicron_BA2,343,0.010658,0.010658,0.010658
Wuhan-Hu-1,Omicron_BA2,344,0.009257,0.009257,0.009257
Wuhan-Hu-1,Omicron_BA2,345,0.009207,0.009207,0.009207
Wuhan-Hu-1,Omicron_BA2,346,0.005496,0.005496,0.005496
Wuhan-Hu-1,Omicron_BA2,347,0.008226,0.008226,0.008226
Wuhan-Hu-1,Omicron_BA2,348,0.017134,0.016436,0.016436
Wuhan-Hu-1,Omicron_BA2,349,0.021366,0.02152,0.02152
Wuhan-Hu-1,Omicron_BA2,350,0.015106,0.015106,0.015106
Wuhan-Hu-1,Omicron_BA2,351,0.008381,0.008381,0.008381
Wuhan-Hu-1,Omicron_BA2,352,0.007297,0.007297,0.007297
Wuhan-Hu-1,Omicron_BA2,353,0.025269,0.025269,0.025269
Wuhan-Hu-1,Omicron_BA2,354,0.009357,0.009357,0.009357
Wuhan-Hu-1,Omicron_BA2,355,0.022542,0.022542,0.022542
Wuhan-Hu-1,Omicron_BA2,356,0.013579,0.013579,0.013579
Wuhan-Hu-1,Omicron_BA2,357,0.003756,0.003756,0.003756
Wuhan-Hu-1,Omicron_BA2,358,0.014804,0.014804,0.014804
Wuhan-Hu-1,Omicron_BA2,359,0.004475,0.004475,0.004475
Wuhan-Hu-1,Omicron_BA2,360,0.007399,0.007399,0.007399
Wuhan-Hu-1,Omicron_BA2,361,0.013476,0.013476,0.013476
Wuhan-Hu-1,Omicron_BA2,362,0.005796,0.005796,0.005796
Wuhan-Hu-1,Omicron_BA2,363,0.038464,0.038464,0.038464
Wuhan-Hu-1,Omicron_BA2,364,0.010838,0.010838,0.010838
Wuhan-Hu-1,Omicron_BA2,365,0.003368,0.003368,0.003368
Wuhan-Hu-1,Omicron_BA2,366,0.029289,0.029289,0.029289
Wuhan-Hu-1,Omicron_BA2,367,0.011017,0.011017,0.011017
Wuhan-Hu-1,Omicron_BA2,368,0.024837,0.024837,0.024837
Wuhan-Hu-1,Omicron_BA2,369,0.020262,0.020262,0.020262
Wuhan-Hu-1,Omicron_BA2,370,0.00818,0.00818,0.00818
Wuhan-Hu-1,Omicron_BA2,371,0.027428,0.027428,0.027428
Wuhan-Hu-1,Omicron_BA2,372,0.021332,0.021332,0.021332
Wuhan-Hu-1,Omicron_BA2,373,0.044167,0.044167,0.044167
Wuhan-Hu-1,Omicron_BA2,374,0.04952,0.04952,0.04952
Wuhan-Hu-1,Omicron_BA2,375,0.021796,0.021796,0.021796
Wuhan-Hu-1,Omicron_BA2,376,0.011592,0.011592,0.011592
Wuhan-Hu-1,Omicron_BA2,377,0.035569,0.035569,0.035569
Wuhan-Hu-1,Omicron_BA2,378,0.029605,0.029605,0.029605
Wuhan-Hu-1,Omicron_BA2,379,0.043363,0.043363,0.043363
Wuhan-Hu-1,Omicron_BA2,380,0.006883,0.006883,0.006883
Wuhan-Hu-1,Omicron_BA2,381,0.017004,0.017004,0.017004
Wuhan-Hu-1,Omicron_BA2,382,0.011998,0.011998,0.011998
Wuhan-Hu-1,Omicron_BA2,383,0.009673,0.009673,0.009673
Wuhan-Hu-1,Omicron_BA2,384,0.004964,0.004964,0.004964
Wuhan-Hu-1,Omicron_BA2,385,0.005861,0.005861,0.005861
Wuhan-Hu-1,Omicron_BA2,386,0.00617,0.00617,0.00617
Wuhan-Hu-1,Omicron_BA2,387,0.008282,0.008282,0.008282
Wuhan-Hu-1,Omicron_BA2,388,0.005222,0.005222,0.005222
Wuhan-Hu-1,Omicron_BA2,389,0.006286,0.006286,0.006286
Wuhan-Hu-1,Omicron_BA2,390,0.014285,0.014285,0.014285
Wuhan-Hu-1,Omicron_BA2,391,0.013886,0.013886,0.013886
Wuhan-Hu-1,Omicron_BA2,392,0.013226,0,0
Wuhan-Hu-1,Omicron_BA2,393,0.008805,0.008805,0.008805
Wuhan-Hu-1,Omicron_BA2,394,0.004696,0.004696,0.004696
Wuhan-Hu-1,Omicron_BA2,395,0.006533,0.006533,0.006533
Wuhan-Hu-1,Omicron_BA2,396,0.004242,0.004242,0.004242
Wuhan-Hu-1,Omicron_BA2,397,0.015637,0.015637,0.015637
Wuhan-Hu-1,Omicron_BA2,398,0.026744,0.026744,0.026744
Wuhan-Hu-1,Omicron_BA2,399,0.026413,0.026413,0.026413
Wuhan-Hu-1,Omicron_BA2,400,0.010042,0.010042,0.010042
Wuhan-Hu-1,Omicron_BA2,401,0.037711,0.037711,0.037711
Wuhan-Hu-1,Omicron_BA2,402,0.016704,0.016704,0.016704
Wuhan-Hu-1,Omicron_BA2,403,0.201704,0.201704,0.201704
Wuhan-Hu-1,Omicron_BA2,404,0.039097,0.039097,0.039097
Wuhan-Hu-1,Omicron_BA2,405,0.04764,0.04764,0.04764
Wuhan-Hu-1,Omicron_BA2,406,0.087212,0.087212,0.087212
Wuhan-Hu-1,Omicron_BA2,407,0.053755,0.053755,0.053755
Wuhan-Hu-1,Omicron_BA2,408,0.020775,0.020775,0.020775
Wuhan-Hu-1,Omicron_BA2,409,0.052632,0.052632,0.052632
Wuhan-Hu-1,Omicron_BA2,410,0.015273,0.015273,0.015273
Wuhan-Hu-1,Omicron_BA2,411,0.016077,0.016999,0.016999
Wuhan-Hu-1,Omicron_BA2,412,0.026913,0.026913,0.026913
Wuhan-Hu-1,Omicron_BA2,413,0.011139,0.011139,0.011139
Wuhan-Hu-1,Omicron_BA2,414,0.01394,0.01394,0.01394
Wuhan-Hu-1,Omicron_BA2,415,0.010468,0.010468,0.010468
Wuhan-Hu-1,Omicron_BA2,416,0.019417,0.019417,0.019417
Wuhan-Hu-1,Omicron_BA2,417,0.047078,0.047958,0.047958
Wuhan-Hu-1,Omicron_BA2,418,0.016281,0.016281,0.016281
Wuhan-Hu-1,Omicron_BA2,419,0.151082,0.16634,0.16634
Wuhan-Hu-1,Omicron_BA2,420,0.005649,0.005649,0.005649
Wuhan-Hu-1,Omicron_BA2,421,0.035023,0.035023,0.035023
Wuhan-Hu-1,Omicron_BA2,422,0.03141,0.03141,0.03141
Wuhan-Hu-1,Omicron_BA2,423,0.020793,0.020793,0.020793
Wuhan-Hu-1,Omicron_BA2,424,0.02203,0.02203,0.02203
Wuhan-Hu-1,Omicron_BA2,425,0.014394,0.013215,0.013215
Wuhan-Hu-1,Omicron_BA2,426,0.013989,0.01403,0.01403
Wuhan-Hu-1,Omicron_BA2,427,0.011392,0.011392,0.011392
Wuhan-Hu-1,Omicron_BA2,428,0.015945,0.006825,0.006825
Wuhan-Hu-1,Omicron_BA2,429,0.027402,0.017352,0.017352
Wuhan-Hu-1,Omicron_BA2,430,0.011829,0.011829,0.011829
Wuhan-Hu-1,Omicron_BA2,431,0.024463,0.014393,0.014393
Wuhan-Hu-1,Omicron_BA2,432,0.030447,0.024641,0.024641
Wuhan-Hu-1,Omicron_BA2,433,0.016486,0.012054,0.012054
Wuhan-Hu-1,Omicron_BA2,434,0.011522,0.011522,0.011522
Wuhan-Hu-1,Omicron_BA2,435,0.067615,0.067419,0.067419
Wuhan-Hu-1,Omicron_BA2,436,0.059754,0.059752,0.059752
Wuhan-Hu-1,Omicron_BA2,437,0.029544,0.029544,0.029544
Wuhan-Hu-1,Omicron_BA2,438,0.018381,0.014595,0.014595
Wuhan-Hu-1,Omicron_BA2,439,0.077666,0.077666,0.077666
Wuhan-Hu-1,Omicron_BA2,440,0.010044,0.010044,0.010044
Wuhan-Hu-1,Omicron_BA2,441,0.008044,0.008472,0.008472
Wuhan-Hu-1,Omicron_BA2,442,0.065327,0.065327,0.065327
Wuhan-Hu-1,Omicron_BA2,443,0.019027,0.018749,0.018749
Wuhan-Hu-1,Omicron_BA2,444,0.011276,0.012137,0.012137
Wuhan-Hu-1,Omicron_BA2,445,0.01387,0.01387,0.01387
Wuhan-Hu-1,Omicron_BA2,446,0.044282,0.046237,0.046237
Wuhan-Hu-1,Omicron_BA2,447,0.041931,0.037559,0.037559
Wuhan-Hu-1,Omicron_BA2,448,0.050465,0.05088,0.05088
Wuhan-Hu-1,Omicron_BA2,449,0.342482,0.342482,0.342482
Wuhan-Hu-1,Omicron_BA2,450,0.00948,0.00948,0.00948
Wuhan-Hu-1,Omicron_BA2,451,0.041435,0.041435,0.041435
Wuhan-Hu-1,Omicron_BA2,452,0.026928,0.026928,0.026928
Wuhan-Hu-1,Omicron_BA2,453,0.084706,0.068471,0.068471
Wuhan-Hu-1,Omicron_BA2,454,0.00927,0.008608,0.008608
Wuhan-Hu-1,Omicron_BA2,455,0.244903,0.201981,0.201981
Wuhan-Hu-1,Omicron_BA2,456,0.110382,0.096151,0.096151
Wuhan-Hu-1,Omicron_BA2,457,0.009716,0.009716,0.009716
Wuhan-Hu-1,Omicron_BA2,458,0.013228,0.013228,0.013228
Wuhan-Hu-1,Omicron_BA2,459,0.012642,0.01539,0.01539
Wuhan-Hu-1,Omicron_BA2,460,0.008225,0.005642,0.005642
Wuhan-Hu-1,Omicron_BA2,461,0.021419,0.021419,0.021419
Wuhan-Hu-1,Omicron_BA2,462,0.00476,0.004714,0.004714
Wuhan-Hu-1,Omicron_BA2,463,0.0275,0.0275,0.0275
Wuhan-Hu-1,Omicron_BA2,464,0.014332,0.012705,0.012705
Wuhan-Hu-1,Omicron_BA2,465,0.012532,0.012532,0.012532
Wuhan-Hu-1,Omicron_BA2,466,0.013558,0.014312,0.014312
Wuhan-Hu-1,Omicron_BA2,467,0.022335,0.015024,0.015024
Wuhan-Hu-1,Omicron_BA2,468,0.006239,0.005167,0.005167
Wuhan-Hu-1,Omicron_BA2,469,0.009883,0.009883,0.009883
Wuhan-Hu-1,Omicron_BA2,470,0.022199,0.024179,0.024179
Wuhan-Hu-1,Omicron_BA2,471,0.013899,0.013899,0.013899
Wuhan-Hu-1,Omicron_BA2,472,0.014564,0.014564,0.014564
Wuhan-Hu-1,Omicron_BA2,473,0.017631,0.017112,0.017112
Wuhan-Hu-1,Omicron_BA2,474,0.021765,0.021765,0.021765
Wuhan-Hu-1,Omicron_BA2,475,0.049771,0.049543,0.049543
Wuhan-Hu-1,Omicron_BA2,476,0.057983,0.057271,0.057271
Wuhan-Hu-1,Omicron_BA2,477,0.013279,0.013279,0.013279
Wuhan-Hu-1,Omicron_BA2,478,0.007993,0.008324,0.008324
Wuhan-Hu-1,Omicron_BA2,479,0.018969,0.026933,0.026933
Wuhan-Hu-1,Omicron_BA2,480,0.019444,0.001657,0.001657
Wuhan-Hu-1,Omicron_BA2,481,0.013583,0.013583,0.013583
Wuhan-Hu-1,Omicron_BA2,482,0.013648,0.013648,0.013648
Wuhan-Hu-1,Omicron_BA2,483,0.012342,0.011711,0.011711
Wuhan-Hu-1,Omicron_BA2,484,0.036523,0.036523,0.036523
Wuhan-Hu-1,Omicron_BA2,485,0.038198,0.036742,0.036742
Wuhan-Hu-1,Omicron_BA2,486,0.024122,0.025166,0.025166
Wuhan-Hu-1,Omicron_BA2,487,0.044914,0.03981,0.03981
Wuhan-Hu-1,Omicron_BA2,488,0.03753,0.034203,0.034203
Wuhan-Hu-1,Omicron_BA2,489,0.01203,0.00877,0.00877
Wuhan-Hu-1,Omicron_BA2,490,0.024159,0.024159,0.024159
Wuhan-Hu-1,Omicron_BA2,491,0.108018,0.047584,0.047584
Wuhan-Hu-1,Omicron_BA2,492,0.012785,0.012375,0.012375
Wuhan-Hu-1,Omicron_BA2,493,0.061411,0.046802,0.046802
Wuhan-Hu-1,Omicron_BA2,494,0.195302,0.195302,0.195302
Wuhan-Hu-1,Omicron_BA2,495,0.037005,0.029735,0.029735
Wuhan-Hu-1,Omicron_BA2,496,0.152571,0.152571,0.152571
Wuhan-Hu-1,Omicron_BA2,497,0.020175,0.020175,0.020175
Wuhan-Hu-1,Omicron_BA2,498,0.369998,0.369998,0.369998
Wuhan-Hu-1,Omicron_BA2,499,0.050179,0.050179,0.050179
Wuhan-Hu-1,Omicron_BA2,500,0.039827,0.039827,0.039827
Wuhan-Hu-1,Omicron_BA2,501,0.165424,0.165424,0.165424
Wuhan-Hu-1,Omicron_BA2,502,0.008216,0.008216,0.008216
Wuhan-Hu-1,Omicron_BA2,503,0.043349,0.043349,0.043349
Wuhan-Hu-1,Omicron_BA2,504,0.043253,0.045588,0.045588
Wuhan-Hu-1,Omicron_BA2,505,0.191624,0.189784,0.189784
Wuhan-Hu-1,Omicron_BA2,506,0.084303,0.084303,0.084303
Wuhan-Hu-1,Omicron_BA2,507,0.044271,0.037772,0.037772
Wuhan-Hu-1,Omicron_BA2,508,0.069777,0.069777,0.069777
Wuhan-Hu-1,Omicron_BA2,509,0.004378,0.001345,0.001345
Wuhan-Hu-1,Omicron_BA2,510,0.018116,0.011409,0.011409
Wuhan-Hu-1,Omicron_BA2,511,0.02026,0.018492,0.018492
Wuhan-Hu-1,Omicron_BA2,512,0.016857,0.013766,0.013766
Wuhan-Hu-1,Omicron_BA2,513,0.011537,0.008142,0.008142
Wuhan-Hu-1,Omicron_BA2,514,0.013917,0.014667,0.014667
Wuhan-Hu-1,Omicron_BA2,515,0.013134,0.013134,0.013134
Wuhan-Hu-1,Omicron_BA2,516,0.01116,0.01116,0.01116
Wuhan-Hu-1,Omicron_BA2,517,0.003953,0.003953,0.003953
Wuhan-Hu-1,Omicron_BA2,518,0.003523,0.003523,0.003523
Wuhan-Hu-1,Omicron_BA2,519,0.00588,0.00588,0.00588
Wuhan-Hu-1,Omicron_BA2,520,0.00276,0.00276,0.00276
Wuhan-Hu-1,Omicron_BA2,521,0.007872,0.008387,0.008387
Wuhan-Hu-1,Omicron_BA2,522,0.00508,0.005985,0.005985
Wuhan-Hu-1,Omicron_BA2,523,0.007623,0.007729,0.007729
Wuhan-Hu-1,Omicron_BA2,524,0.009126,0.002979,0.002979
Wuhan-Hu-1,Omicron_BA2,525,0.002649,0.002649,0.002649
Wuhan-Hu-1,Omicron_BA2,526,0.003659,0.004185,0.004185
Wuhan-Hu-1,Omicron_BA2,527,0.005308,0.004622,0.004622
Wuhan-Hu-1,Omicron_BA2,528,0.004134,0.004134,0.004134
Wuhan-Hu-1,Omicron_BA2,529,0.001474,0.001634,0.001634
Wuhan-Hu-1,Omicron_BA2,530,0.003366,0.003519,0.003519
Wuhan-Hu-1,Omicron_BA2,531,0.008003,0.000929,0.000929
Omicron_BA1,Wuhan-Hu-1,331,0.007883,0.007757,0.00759
Omicron_BA1,Wuhan-Hu-1,332,0.00671,0.007415,0.007524
Omicron_BA1,Wuhan-Hu-1,333,0.011094,0.011038,0.00983
Omicron_BA1,Wuhan-Hu-1,334,0.006119,0.006119,0.006119
Omicron_BA1,Wuhan-Hu-1,335,0.005134,0.005134,0.005134
Omicron_BA1,Wuhan-Hu-1,336,0.016539,0.016539,0.016539
Omicron_BA1,Wuhan-Hu-1,337,0.006006,0.006006,0.006006
Omicron_BA1,Wuhan-Hu-1,338,0.014741,0.014741,0.014741
Omicron_BA1,Wuhan-Hu-1,339,0.009291,0.009698,0.00657
Omicron_BA1,Wuhan-Hu-1,340,0.010134,0.010134,0.010464
Omicron_BA1,Wuhan-Hu-1,341,0.020993,0.027987,0.021778
Omicron_BA1,Wuhan-Hu-1,342,0.02037,0.02037,0.02037
Omicron_BA1,Wuhan-Hu-1,343,0.016014,0.016014,0.016014
Omicron_BA1,Wuhan-Hu-1,344,0.00956,0.00956,0.00956
Omicron_BA1,Wuhan-Hu-1,345,0.006069,0.006069,0.006069
Omicron_BA1,Wuhan-Hu-1,346,0.002563,0.002563,0.002563
Omicron_BA1,Wuhan-Hu-1,347,0.017466,0.017466,0.017197
Omicron_BA1,Wuhan-Hu-1,348,0.014076,0.013672,0.013672
Omicron_BA1,Wuhan-Hu-1,349,0.074224,0.079602,0.065125
Omicron_BA1,Wuhan-Hu-1,350,0.031488,0.031488,0.031488
Omicron_BA1,Wuhan-Hu-1,351,0.046013,0.046013,0.046013
Omicron_BA1,Wuhan-Hu-1,352,0.01127,0.01127,0.01127
Omicron_BA1,Wuhan-Hu-1,353,0.036526,0.036526,0.036526
Omicron_BA1,Wuhan-Hu-1,354,0.009424,0.009424,0.009424
Omicron_BA1,Wuhan-Hu-1,355,0.015558,0.015558,0.015558
Omicron_BA1,Wuhan-Hu-1,356,0.012814,0.012814,0.012814
Omicron_BA1,Wuhan-Hu-1,357,0.003907,0.003907,0.003943
Omicron_BA1,Wuhan-Hu-1,358,0.014078,0.014078,0.014078
Omicron_BA1,Wuhan-Hu-1,359,0.011607,0.011607,0.011607
Omicron_BA1,Wuhan-Hu-1,360,0.005666,0.005666,0.005666
Omicron_BA1,Wuhan-Hu-1,361,0.02435,0.02435,0.024544
Omicron_BA1,Wuhan-Hu-1,362,0.008951,0.008951,0.008951
Omicron_BA1,Wuhan-Hu-1,363,0.038492,0.038492,0.038492
Omicron_BA1,Wuhan-Hu-1,364,0.013032,0.013032,0.013032
Omicron_BA1,Wuhan-Hu-1,365,0.004008,0.004008,0.004008
Omicron_BA1,Wuhan-Hu-1,366,0.02942,0.02942,0.02942
Omicron_BA1,Wuhan-Hu-1,367,0.010772,0.010772,0.010772
Omicron_BA1,Wuhan-Hu-1,368,0.010975,0.010975,0.010975
Omicron_BA1,Wuhan-Hu-1,369,0.011749,0.011749,0.011749
Omicron_BA1,Wuhan-Hu-1,370,0.006319,0.006319,0.006319
Omicron_BA1,Wuhan-Hu-1,371,0.021978,0.021978,0.021978
Omicron_BA1,Wuhan-Hu-1,372,0.020164,0.020164,0.020164
Omicron_BA1,Wuhan-Hu-1,373,0.026256,0.026256,0.026256
Omicron_BA1,Wuhan-Hu-1,374,0.052378,0.052378,0.052378
Omicron_BA1,Wuhan-Hu-1,375,0.017464,0.017464,0.017464
Omicron_BA1,Wuhan-Hu-1,376,0.010394,0.010394,0.010394
Omicron_BA1,Wuhan-Hu-1,377,0.028512,0.028512,0.028512
Omicron_BA1,Wuhan-Hu-1,378,0.015399,0.015399,0.015399
Omicron_BA1,Wuhan-Hu-1,379,0.018548,0.018548,0.018548
Omicron_BA1,Wuhan-Hu-1,380,0.003082,0.003082,0.003082
Omicron_BA1,Wuhan-Hu-1,381,0.009577,0.009577,0.009577
Omicron_BA1,Wuhan-Hu-1,382,0.005176,0.005176,0.005176
Omicron_BA1,Wuhan-Hu-1,383,0.017184,0.017184,0.017184
Omicron_BA1,Wuhan-Hu-1,384,0.005461,0.005461,0.005461
Omicron_BA1,Wuhan-Hu-1,385,0.001678,0.001678,0.001678
Omicron_BA1,Wuhan-Hu-1,386,0.006119,0.006119,0.006119
Omicron_BA1,Wuhan-Hu-1,387,0.013964,0.013964,0.013964
Omicron_BA1,Wuhan-Hu-1,388,0.007387,0.007387,0.007387
Omicron_BA1,Wuhan-Hu-1,389,0.005624,0.005624,0.005624
Omicron_BA1,Wuhan-Hu-1,390,0.009326,0.009326,0.009326
Omicron_BA1,Wuhan-Hu-1,391,0.019097,0.019097,0.019097
Omicron_BA1,Wuhan-Hu-1,392,0.018589,0.018589,0.018589
Omicron_BA1,Wuhan-Hu-1,393,0.008664,0.008664,0.008664
Omicron_BA1,Wuhan-Hu-1,394,0.010839,0.010839,0.010839
Omicron_BA1,Wuhan-Hu-1,395,0.011415,0.011415,0.011415
Omicron_BA1,Wuhan-Hu-1,396,0.00368,0.00368,0.00368
Omicron_BA1,Wuhan-Hu-1,397,0.015031,0.015031,0.015031
Omicron_BA1,Wuhan-Hu-1,398,0.022541,0.022541,0.022541
Omicron_BA1,Wuhan-Hu-1,399,0.019825,0.019825,0.019825
Omicron_BA1,Wuhan-Hu-1,400,0.005847,0.005847,0.005847
Omicron_BA1,Wuhan-Hu-1,401,0.076705,0.076705,0.076939
Omicron_BA1,Wuhan-Hu-1,402,0.02343,0.02343,0.02343
Omicron_BA1,Wuhan-Hu-1,403,0.058689,0.058689,0.058689
Omicron_BA1,Wuhan-Hu-1,404,0.010434,0.010434,0.010434
Omicron_BA1,Wuhan-Hu-1,405,0.040826,0.040826,0.040826
Omicron_BA1,Wuhan-Hu-1,406,0.138759,0.138759,0.138759
Omicron_BA1,Wuhan-Hu-1,407,0.019241,0.019241,0.019241
Omicron_BA1,Wuhan-Hu-1,408,0.015204,0.015204,0.015204
Omicron_BA1,Wuhan-Hu-1,409,0.043539,0.043539,0.04371
Omicron_BA1,Wuhan-Hu-1,410,0.011651,0.011651,0.011651
Omicron_BA1,Wuhan-Hu-1,411,0.03166,0.031359,0.047071
Omicron_BA1,Wuhan-Hu-1,412,0.03876,0.03876,0.03876
Omicron_BA1,Wuhan-Hu-1,413,0.010797,0.010797,0.010797
Omicron_BA1,Wuhan-Hu-1,414,0.009999,0.009999,0.009999
Omicron_BA1,Wuhan-Hu-1,415,0.011612,0.011612,0.011612
Omicron_BA1,Wuhan-Hu-1,416,0.004185,0.004185,0.004185
Omicron_BA1,Wuhan-Hu-1,417,0.048197,0.048381,0.049488
Omicron_BA1,Wuhan-Hu-1,418,0.02256,0.02256,0.02256
Omicron_BA1,Wuhan-Hu-1,419,0.171641,0.1848,0.13414
Omicron_BA1,Wuhan-Hu-1,420,0.010675,0.010675,0.010576
Omicron_BA1,Wuhan-Hu-1,421,0.040262,0.040262,0.03911
Omicron_BA1,Wuhan-Hu-1,422,0.020949,0.020949,0.01971
Omicron_BA1,Wuhan-Hu-1,423,0.010918,0.010918,0.010918
Omicron_BA1,Wuhan-Hu-1,424,0.046466,0.046466,0.046466
Omicron_BA1,Wuhan-Hu-1,425,0.017045,0.016451,0.015256
Omicron_BA1,Wuhan-Hu-1,426,0.036201,0.028504,0.021371
Omicron_BA1,Wuhan-Hu-1,427,0.007258,0.007258,0.007258
Omicron_BA1,Wuhan-Hu-1,428,0.013123,0.005136,0.008283
Omicron_BA1,Wuhan-Hu-1,429,0.030795,0.016984,0.000842
Omicron_BA1,Wuhan-Hu-1,430,0.008988,0.008988,0.008988
Omicron_BA1,Wuhan-Hu-1,431,0.017265,0.009793,0.00713
Omicron_BA1,Wuhan-Hu-1,432,0.038243,0.029842,0.004363
Omicron_BA1,Wuhan-Hu-1,433,0.015377,0.011611,0.005281
Omicron_BA1,Wuhan-Hu-1,434,0.009255,0.009255,0.009255
Omicron_BA1,Wuhan-Hu-1,435,0.05941,0.059393,0.050827
Omicron_BA1,Wuhan-Hu-1,436,0.056104,0.056028,0.056028
Omicron_BA1,Wuhan-Hu-1,437,0.061754,0.061754,0.061754
Omicron_BA1,Wuhan-Hu-1,438,0.05435,0.049004,0.029533
Omicron_BA1,Wuhan-Hu-1,439,0.134289,0.134289,0.134289
Omicron_BA1,Wuhan-Hu-1,440,0.010067,0.010067,0.010067
Omicron_BA1,Wuhan-Hu-1,441,0.00678,0.006635,0.006743
Omicron_BA1,Wuhan-Hu-1,442,0.041977,0.041977,0.041977
Omicron_BA1,Wuhan-Hu-1,443,0.009511,0.009462,0.008983
Omicron_BA1,Wuhan-Hu-1,444,0.021078,0.021131,0.013767
Omicron_BA1,Wuhan-Hu-1,445,0.009621,0.009621,0.009621
Omicron_BA1,Wuhan-Hu-1,446,0.041752,0.046032,0.048574
Omicron_BA1,Wuhan-Hu-1,447,0.040354,0.035525,0.016125
Omicron_BA1,Wuhan-Hu-1,448,0.073524,0.074386,0.083864
Omicron_BA1,Wuhan-Hu-1,449,0.377361,0.377361,0.377361
Omicron_BA1,Wuhan-Hu-1,450,0.013437,0.013437,0.013437
Omicron_BA1,Wuhan-Hu-1,451,0.05553,0.05553,0.05553
Omicron_BA1,Wuhan-Hu-1,452,0.016968,0.016968,0.015479
Omicron_BA1,Wuhan-Hu-1,453,0.039149,0.032755,0.034836
Omicron_BA1,Wuhan-Hu-1,454,0.013125,0.012942,0.012328
Omicron_BA1,Wuhan-Hu-1,455,0.312662,0.281342,0.28901
Omicron_BA1,Wuhan-Hu-1,456,0.100992,0.095015,0.090581
Omicron_BA1,Wuhan-Hu-1,457,0.041873,0.041873,0.038187
Omicron_BA1,Wuhan-Hu-1,458,0.016557,0.016557,0.016557
Omicron_BA1,Wuhan-Hu-1,459,0.008705,0.010493,0.009971
Omicron_BA1,Wuhan-Hu-1,460,0.011288,0.010839,0.004137
Omicron_BA1,Wuhan-Hu-1,461,0.036692,0.036692,0.036656
Omicron_BA1,Wuhan-Hu-1,462,0.007081,0.007375,0.006365
Omicron_BA1,Wuhan-Hu-1,463,0.065293,0.065293,0.082159
Omicron_BA1,Wuhan-Hu-1,464,0.04015,0.033085,0.02254
Omicron_BA1,Wuhan-Hu-1,465,0.040664,0.040664,0.038965
Omicron_BA1,Wuhan-Hu-1,466,0.047017,0.045875,0.037176
Omicron_BA1,Wuhan-Hu-1,467,0.037682,0.027057,0.001536
Omicron_BA1,Wuhan-Hu-1,468,0.016007,0.01631,0.019394
Omicron_BA1,Wuhan-Hu-1,469,0.02627,0.02627,0.026243
Omicron_BA1,Wuhan-Hu-1,470,0.015169,0.017183,0.024456
Omicron_BA1,Wuhan-Hu-1,471,0.017602,0.017602,0.016504
Omicron_BA1,Wuhan-Hu-1,472,0.028734,0.028734,0.030752
Omicron_BA1,Wuhan-Hu-1,473,0.011196,0.011164,0.015842
Omicron_BA1,Wuhan-Hu-1,474,0.033599,0.033599,0.033599
Omicron_BA1,Wuhan-Hu-1,475,0.05603,0.054883,0.053646
Omicron_BA1,Wuhan-Hu-1,476,0.092016,0.091683,0.085318
Omicron_BA1,Wuhan-Hu-1,477,0.010095,0.010095,0.011299
Omicron_BA1,Wuhan-Hu-1,478,0.010659,0.011191,0.009111
Omicron_BA1,Wuhan-Hu-1,479,0.021519,0.02878,0.014481
Omicron_BA1,Wuhan-Hu-1,480,0.010687,0.000157,0
Omicron_BA1,Wuhan-Hu-1,481,0.014209,0.014209,0.006419
Omicron_BA1,Wuhan-Hu-1,482,0.023271,0.023271,0.021514
Omicron_BA1,Wuhan-Hu-1,483,0.017964,0.016878,0.016135
Omicron_BA1,Wuhan-Hu-1,484,0.035699,0.035699,0.030859
Omicron_BA1,Wuhan-Hu-1,485,0.043076,0.041003,0.044077
Omicron_BA1,Wuhan-Hu-1,486,0.021158,0.021982,0.015448
Omicron_BA1,Wuhan-Hu-1,487,0.024301,0.019495,0.01494
Omicron_BA1,Wuhan-Hu-1,488,0.006016,0.005893,0.003235
Omicron_BA1,Wuhan-Hu-1,489,0.002278,0.001445,0.001395
Omicron_BA1,Wuhan-Hu-1,490,0.02865,0.02865,0.02865
Omicron_BA1,Wuhan-Hu-1,491,0.137076,0.063982,0.004422
Omicron_BA1,Wuhan-Hu-1,492,0.018815,0.01855,0.017714
Omicron_BA1,Wuhan-Hu-1,493,0.065241,0.043281,0.031481
Omicron_BA1,Wuhan-Hu-1,494,0.108542,0.108542,0.108542
Omicron_BA1,Wuhan-Hu-1,495,0.066876,0.009317,0.003646
Omicron_BA1,Wuhan-Hu-1,496,0.096167,0.096167,0.096167
Omicron_BA1,Wuhan-Hu-1,497,0.025855,0.025855,0.025855
Omicron_BA1,Wuhan-Hu-1,498,0.523212,0.523212,0.515111
Omicron_BA1,Wuhan-Hu-1,499,0.10135,0.10135,0.10135
Omicron_BA1,Wuhan-Hu-1,500,0.059792,0.059792,0.059792
Omicron_BA1,Wuhan-Hu-1,501,0.282566,0.282566,0.282373
Omicron_BA1,Wuhan-Hu-1,502,0.005535,0.005535,0.001503
Omicron_BA1,Wuhan-Hu-1,503,0.033089,0.033089,0.033089
Omicron_BA1,Wuhan-Hu-1,504,0.023796,0.023102,0.025354
Omicron_BA1,Wuhan-Hu-1,505,0.172634,0.172602,0.172581
Omicron_BA1,Wuhan-Hu-1,506,0.0905,0.0905,0.084836
Omicron_BA1,Wuhan-Hu-1,507,0.022222,0.02186,0.014633
Omicron_BA1,Wuhan-Hu-1,508,0.03181,0.03181,0.03181
Omicron_BA1,Wuhan-Hu-1,509,0.011172,0.007448,4.7e-05
Omicron_BA1,Wuhan-Hu-1,510,0.013092,0.00988,0.001118
Omicron_BA1,Wuhan-Hu-1,511,0.042609,0.039633,0.034824
Omicron_BA1,Wuhan-Hu-1,512,0.01427,0.012463,0.011197
Omicron_BA1,Wuhan-Hu-1,513,0.011123,0.00948,0.007482
Omicron_BA1,Wuhan-Hu-1,514,0.009731,0.010617,0.010386
Omicron_BA1,Wuhan-Hu-1,515,0.014867,0.014867,0.014867
Omicron_BA1,Wuhan-Hu-1,516,0.013012,0.013012,0.013012
Omicron_BA1,Wuhan-Hu-1,517,0.005662,0.005662,0.005662
Omicron_BA1,Wuhan-Hu-1,518,0.003587,0.003587,0.003587
Omicron_BA1,Wuhan-Hu-1,519,0.010315,0.010315,0.010315
Omicron_BA1,Wuhan-Hu-1,520,0.005061,0.005061,0.005061
Omicron_BA1,Wuhan-Hu-1,521,0.009178,0.009774,0.006299
Omicron_BA1,Wuhan-Hu-1,522,0.005445,0.006322,0.007527
Omicron_BA1,Wuhan-Hu-1,523,0.007783,0.007579,0.00684
Omicron_BA1,Wuhan-Hu-1,524,0.010024,0.003068,2.8e-05
Omicron_BA1,Wuhan-Hu-1,525,0.015509,0.015509,0.015807
Omicron_BA1,Wuhan-Hu-1,526,0.003812,0.00422,0.003271
Omicron_BA1,Wuhan-Hu-1,527,0.007196,0.00652,0.005606
Omicron_BA1,Wuhan-Hu-1,528,0.00509,0.00509,0.00509
Omicron_BA1,Wuhan-Hu-1,529,0.005041,0.005551,0.004795
Omicron_BA1,Wuhan-Hu-1,530,0.00583,0.003581,0.003151
Omicron_BA1,Wuhan-Hu-1,531,0.008171,0.001627,0
Omicron_BA1,Omicron_BA2,331,0.003126,0.003126,0.003126
Omicron_BA1,Omicron_BA2,332,0.004888,0.004888,0.004888
Omicron_BA1,Omicron_BA2,333,0.00285,0.00285,0.00285
Omicron_BA1,Omicron_BA2,334,0.001122,0.001122,0.001122
Omicron_BA1,Omicron_BA2,335,0.003581,0.003581,0.003581
Omicron_BA1,Omicron_BA2,336,0.01314,0.01314,0.01314
Omicron_BA1,Omicron_BA2,337,0.002871,0.002871,0.002871
Omicron_BA1,Omicron_BA2,338,0.002602,0.002602,0.002602
Omicron_BA1,Omicron_BA2,339,0.008021,0.008021,0.008021
Omicron_BA1,Omicron_BA2,340,0.004265,0.004265,0.004265
Omicron_BA1,Omicron_BA2,341,0.010154,0.010154,0.010154
Omicron_BA1,Omicron_BA2,342,0.030914,0.030914,0.030914
Omicron_BA1,Omicron_BA2,343,0.010149,0.010149,0.010149
Omicron_BA1,Omicron_BA2,344,0.003907,0.003907,0.003907
Omicron_BA1,Omicron_BA2,345,0.003936,0.003936,0.003936
Omicron_BA1,Omicron_BA2,346,0.00329,0.00329,0.00329
Omicron_BA1,Omicron_BA2,347,0.018919,0.018919,0.018919
Omicron_BA1,Omicron_BA2,348,0.002153,0.002153,0.002153
Omicron_BA1,Omicron_BA2,349,0.033677,0.033677,0.033677
Omicron_BA1,Omicron_BA2,350,0.015089,0.015089,0.015089
Omicron_BA1,Omicron_BA2,351,0.034953,0.034953,0.034953
Omicron_BA1,Omicron_BA2,352,0.003075,0.003075,0.003075
Omicron_BA1,Omicron_BA2,353,0.014815,0.014815,0.014815
Omicron_BA1,Omicron_BA2,354,0.001899,0.001899,0.001899
Omicron_BA1,Omicron_BA2,355,0.003284,0.003284,0.003284
Omicron_BA1,Omicron_BA2,356,9e-04,9e-04,9e-04
Omicron_BA1,Omicron_BA2,357,0.002363,0.002363,0.002363
Omicron_BA1,Omicron_BA2,358,0.00182,0.00182,0.00182
Omicron_BA1,Omicron_BA2,359,0.006415,0.006415,0.006415
Omicron_BA1,Omicron_BA2,360,0.004286,0.004286,0.004286
Omicron_BA1,Omicron_BA2,361,0.022605,0.022605,0.022605
Omicron_BA1,Omicron_BA2,362,0.001731,0.001731,0.001731
Omicron_BA1,Omicron_BA2,363,0.005997,0.005997,0.005997
Omicron_BA1,Omicron_BA2,364,0.011198,0.011198,0.011198
Omicron_BA1,Omicron_BA2,365,0.001923,0.001923,0.001923
Omicron_BA1,Omicron_BA2,366,0.006672,0.006672,0.006672
Omicron_BA1,Omicron_BA2,367,0.008305,0.008305,0.008305
Omicron_BA1,Omicron_BA2,368,0.015637,0.015637,0.015637
Omicron_BA1,Omicron_BA2,369,0.009489,0.009489,0.009489
Omicron_BA1,Omicron_BA2,370,0.00521,0.00521,0.00521
Omicron_BA1,Omicron_BA2,371,0.008372,0.008372,0.008372
Omicron_BA1,Omicron_BA2,372,0.012879,0.012879,0.012879
Omicron_BA1,Omicron_BA2,373,0.010567,0.010567,0.010567
Omicron_BA1,Omicron_BA2,374,0.00517,0.00517,0.00517
Omicron_BA1,Omicron_BA2,375,0.006798,0.006798,0.006798
Omicron_BA1,Omicron_BA2,376,0.004396,0.004396,0.004396
Omicron_BA1,Omicron_BA2,377,0.023431,0.023431,0.023431
Omicron_BA1,Omicron_BA2,378,0.013943,0.013943,0.013943
Omicron_BA1,Omicron_BA2,379,0.015602,0.015602,0.015602
Omicron_BA1,Omicron_BA2,380,0.003271,0.003271,0.003271
Omicron_BA1,Omicron_BA2,381,0.013972,0.013972,0.013972
Omicron_BA1,Omicron_BA2,382,0.00981,0.00981,0.00981
Omicron_BA1,Omicron_BA2,383,0.008887,0.008887,0.008887
Omicron_BA1,Omicron_BA2,384,0.003256,0.003256,0.003256
Omicron_BA1,Omicron_BA2,385,0.002806,0.002806,0.002806
Omicron_BA1,Omicron_BA2,386,0.005164,0.005164,0.005164
Omicron_BA1,Omicron_BA2,387,0.019938,0.019938,0.019938
Omicron_BA1,Omicron_BA2,388,0.002982,0.002982,0.002982
Omicron_BA1,Omicron_BA2,389,0.002358,0.002358,0.002358
Omicron_BA1,Omicron_BA2,390,0.007059,0.007059,0.007059
Omicron_BA1,Omicron_BA2,391,0.028607,0.028607,0.028607
Omicron_BA1,Omicron_BA2,392,0.000385,0,0
Omicron_BA1,Omicron_BA2,393,0.003637,0.003637,0.003637
Omicron_BA1,Omicron_BA2,394,0.017453,0.017453,0.017453
Omicron_BA1,Omicron_BA2,395,0.009308,0.009308,0.009308
Omicron_BA1,Omicron_BA2,396,0.003807,0.003807,0.003807
Omicron_BA1,Omicron_BA2,397,0.010395,0.010395,0.010395
Omicron_BA1,Omicron_BA2,398,0.002799,0.002799,0.002799
Omicron_BA1,Omicron_BA2,399,0.004342,0.004342,0.004342
Omicron_BA1,Omicron_BA2,400,0.005122,0.005122,0.005122
Omicron_BA1,Omicron_BA2,401,0.01984,0.01984,0.01984
Omicron_BA1,Omicron_BA2,402,0.018523,0.018523,0.018523
Omicron_BA1,Omicron_BA2,403,0.100824,0.100824,0.100824
Omicron_BA1,Omicron_BA2,404,0.040646,0.040646,0.040646
Omicron_BA1,Omicron_BA2,405,0.012536,0.012536,0.012536
Omicron_BA1,Omicron_BA2,406,0.074183,0.074183,0.074183
Omicron_BA1,Omicron_BA2,407,0.027606,0.027606,0.027606
Omicron_BA1,Omicron_BA2,408,0.013317,0.013317,0.013317
Omicron_BA1,Omicron_BA2,409,0.014731,0.014731,0.014731
Omicron_BA1,Omicron_BA2,410,0.003596,0.003596,0.003596
Omicron_BA1,Omicron_BA2,411,0.012221,0.012221,0.012221
Omicron_BA1,Omicron_BA2,412,0.008042,0.008042,0.008042
Omicron_BA1,Omicron_BA2,413,0.001778,0.001778,0.001778
Omicron_BA1,Omicron_BA2,414,0.006882,0.006882,0.006882
Omicron_BA1,Omicron_BA2,415,0.001267,0.001267,0.001267
Omicron_BA1,Omicron_BA2,416,0.012609,0.012609,0.012609
Omicron_BA1,Omicron_BA2,417,0.014432,0.014432,0.014432
Omicron_BA1,Omicron_BA2,418,0.013301,0.013301,0.013301
Omicron_BA1,Omicron_BA2,419,0.004638,0.004638,0.004638
Omicron_BA1,Omicron_BA2,420,0.006182,0.006182,0.006182
Omicron_BA1,Omicron_BA2,421,0.013498,0.013498,0.013498
Omicron_BA1,Omicron_BA2,422,0.006247,0.006247,0.006247
Omicron_BA1,Omicron_BA2,423,0.005447,0.005447,0.005447
Omicron_BA1,Omicron_BA2,424,0.011479,0.011479,0.011479
Omicron_BA1,Omicron_BA2,425,0.002071,0.001707,0.001707
Omicron_BA1,Omicron_BA2,426,0.013545,0.013545,0.013545
Omicron_BA1,Omicron_BA2,427,0.001993,0.001993,0.001993
Omicron_BA1,Omicron_BA2,428,0.004682,0.004682,0.004682
Omicron_BA1,Omicron_BA2,429,0.004793,0.004793,0.004793
Omicron_BA1,Omicron_BA2,430,0.001346,0.001346,0.001346
Omicron_BA1,Omicron_BA2,431,0.003347,0.003347,0.003347
Omicron_BA1,Omicron_BA2,432,0.017609,0.017609,0.017609
Omicron_BA1,Omicron_BA2,433,0.001524,0.001524,0.001524
Omicron_BA1,Omicron_BA2,434,0.009471,0.009471,0.009471
Omicron_BA1,Omicron_BA2,435,0.025739,0.025739,0.025739
Omicron_BA1,Omicron_BA2,436,0.032974,0.032974,0.032974
Omicron_BA1,Omicron_BA2,437,0.065799,0.065799,0.065799
Omicron_BA1,Omicron_BA2,438,0.020541,0.020541,0.020541
Omicron_BA1,Omicron_BA2,439,0.025128,0.025128,0.025128
Omicron_BA1,Omicron_BA2,440,0.001731,0.001731,0.001731
Omicron_BA1,Omicron_BA2,441,0.005807,0.005807,0.005807
Omicron_BA1,Omicron_BA2,442,0.007113,0.007113,0.007113
Omicron_BA1,Omicron_BA2,443,0.023436,0.023436,0.023436
Omicron_BA1,Omicron_BA2,444,0.012799,0.012799,0.012799
Omicron_BA1,Omicron_BA2,445,0.01421,0.01421,0.01421
Omicron_BA1,Omicron_BA2,446,0.006279,0.006279,0.006279
Omicron_BA1,Omicron_BA2,447,0.003467,0.003467,0.003467
Omicron_BA1,Omicron_BA2,448,0.038111,0.038111,0.038111
Omicron_BA1,Omicron_BA2,449,0.016701,0.016701,0.016701
Omicron_BA1,Omicron_BA2,450,0.008008,0.008008,0.008008
Omicron_BA1,Omicron_BA2,451,0.049033,0.049033,0.049033
Omicron_BA1,Omicron_BA2,452,0.023093,0.023093,0.023093
Omicron_BA1,Omicron_BA2,453,0.02395,0.02395,0.02395
Omicron_BA1,Omicron_BA2,454,0.005706,0.005706,0.005706
Omicron_BA1,Omicron_BA2,455,0.073757,0.073757,0.073757
Omicron_BA1,Omicron_BA2,456,0.009625,0.009625,0.009625
Omicron_BA1,Omicron_BA2,457,0.023038,0.023038,0.023038
Omicron_BA1,Omicron_BA2,458,0.002248,0.002248,0.002248
Omicron_BA1,Omicron_BA2,459,0.002884,0.002884,0.002884
Omicron_BA1,Omicron_BA2,460,0.002268,0.002268,0.002268
Omicron_BA1,Omicron_BA2,461,0.004905,0.004905,0.004905
Omicron_BA1,Omicron_BA2,462,0.001429,0.001429,0.001429
Omicron_BA1,Omicron_BA2,463,0.0274,0.0274,0.0274
Omicron_BA1,Omicron_BA2,464,0.009098,0.009098,0.009098
Omicron_BA1,Omicron_BA2,465,0.019836,0.019836,0.019836
Omicron_BA1,Omicron_BA2,466,0.022259,0.022259,0.022259
Omicron_BA1,Omicron_BA2,467,0.009935,0.009935,0.009935
Omicron_BA1,Omicron_BA2,468,0.005316,0.005316,0.005316
Omicron_BA1,Omicron_BA2,469,0.013305,0.013305,0.013305
Omicron_BA1,Omicron_BA2,470,0.006734,0.006734,0.006734
Omicron_BA1,Omicron_BA2,471,0.002312,0.002312,0.002312
Omicron_BA1,Omicron_BA2,472,0.004848,0.004848,0.004848
Omicron_BA1,Omicron_BA2,473,0.023434,0.023434,0.023434
Omicron_BA1,Omicron_BA2,474,0.003835,0.003835,0.003835
Omicron_BA1,Omicron_BA2,475,0.010288,0.010288,0.010288
Omicron_BA1,Omicron_BA2,476,0.01236,0.01236,0.01236
Omicron_BA1,Omicron_BA2,477,0.002743,0.002743,0.002743
Omicron_BA1,Omicron_BA2,478,0.003053,0.003053,0.003053
Omicron_BA1,Omicron_BA2,479,0.003627,0.003627,0.003627
Omicron_BA1,Omicron_BA2,480,0.008821,0.008821,0.008821
Omicron_BA1,Omicron_BA2,481,0.004425,0.004425,0.004425
Omicron_BA1,Omicron_BA2,482,0.006008,0.006008,0.006008
Omicron_BA1,Omicron_BA2,483,0.003507,0.003507,0.003507
Omicron_BA1,Omicron_BA2,484,0.017533,0.017533,0.017533
Omicron_BA1,Omicron_BA2,485,0.004411,0.004411,0.004411
Omicron_BA1,Omicron_BA2,486,0.003171,0.003171,0.003171
Omicron_BA1,Omicron_BA2,487,0.007481,0.007481,0.007481
Omicron_BA1,Omicron_BA2,488,0.01971,0.01971,0.01971
Omicron_BA1,Omicron_BA2,489,0.007636,0.007636,0.007636
Omicron_BA1,Omicron_BA2,490,0.004492,0.004492,0.004492
Omicron_BA1,Omicron_BA2,491,0.012451,0.012451,0.012451
Omicron_BA1,Omicron_BA2,492,0.011507,0.011507,0.011507
Omicron_BA1,Omicron_BA2,493,0.009168,0.009168,0.009168
Omicron_BA1,Omicron_BA2,494,0.066286,0.066286,0.066286
Omicron_BA1,Omicron_BA2,495,0.085339,0.085339,0.085339
Omicron_BA1,Omicron_BA2,496,0.030726,0.030726,0.030726
Omicron_BA1,Omicron_BA2,497,0.024109,0.024109,0.024109
Omicron_BA1,Omicron_BA2,498,0.04804,0.04804,0.04804
Omicron_BA1,Omicron_BA2,499,0.047354,0.047354,0.047354
Omicron_BA1,Omicron_BA2,500,0.010677,0.010677,0.010677
Omicron_BA1,Omicron_BA2,501,0.033819,0.033819,0.033819
Omicron_BA1,Omicron_BA2,502,0.001115,0.001115,0.001115
Omicron_BA1,Omicron_BA2,503,0.008727,0.008727,0.008727
Omicron_BA1,Omicron_BA2,504,0.039722,0.039722,0.039722
Omicron_BA1,Omicron_BA2,505,0.05395,0.05395,0.05395
Omicron_BA1,Omicron_BA2,506,0.044856,0.044856,0.044856
Omicron_BA1,Omicron_BA2,507,0.014808,0.014808,0.014808
Omicron_BA1,Omicron_BA2,508,0.035103,0.035103,0.035103
Omicron_BA1,Omicron_BA2,509,0.007581,0.007581,0.007581
Omicron_BA1,Omicron_BA2,510,0.008141,0.008141,0.008141
Omicron_BA1,Omicron_BA2,511,0.006783,0.006783,0.006783
Omicron_BA1,Omicron_BA2,512,0.003287,0.003287,0.003287
Omicron_BA1,Omicron_BA2,513,0.004877,0.004877,0.004877
Omicron_BA1,Omicron_BA2,514,0.004885,0.004885,0.004885
Omicron_BA1,Omicron_BA2,515,0.021148,0.021148,0.021148
Omicron_BA1,Omicron_BA2,516,0.002627,0.002627,0.002627
Omicron_BA1,Omicron_BA2,517,0.005613,0.005613,0.005613
Omicron_BA1,Omicron_BA2,518,0.004115,0.004115,0.004115
Omicron_BA1,Omicron_BA2,519,0.002626,0.002626,0.002626
Omicron_BA1,Omicron_BA2,520,0.003598,0.003598,0.003598
Omicron_BA1,Omicron_BA2,521,0.001787,0.001787,0.001787
Omicron_BA1,Omicron_BA2,522,0.001208,0.001208,0.001208
Omicron_BA1,Omicron_BA2,523,0.001495,0.001495,0.001495
Omicron_BA1,Omicron_BA2,524,0.001223,0.001223,0.001223
Omicron_BA1,Omicron_BA2,525,0.014536,0.014536,0.014536
Omicron_BA1,Omicron_BA2,526,0.002889,0.002889,0.002889
Omicron_BA1,Omicron_BA2,527,0.000949,0.000949,0.000949
Omicron_BA1,Omicron_BA2,528,0.002174,0.002174,0.002174
Omicron_BA1,Omicron_BA2,529,0.004085,0.004085,0.004085
Omicron_BA1,Omicron_BA2,530,0.00361,0.00361,0.00361
Omicron_BA1,Omicron_BA2,531,0.003029,0.003029,0.003029
Omicron_BA2,Wuhan-Hu-1,331,0.007129,0.007692,0.007188
Omicron_BA2,Wuhan-Hu-1,332,0.002377,0.00264,0.001638
Omicron_BA2,Wuhan-Hu-1,333,0.012261,0.009367,0.008285
Omicron_BA2,Wuhan-Hu-1,334,0.005781,0.005781,0.005781
Omicron_BA2,Wuhan-Hu-1,335,0.001106,0.001106,0.001106
Omicron_BA2,Wuhan-Hu-1,336,0.010585,0.010585,0.010585
Omicron_BA2,Wuhan-Hu-1,337,0.00575,0.00575,0.00575
Omicron_BA2,Wuhan-Hu-1,338,0.01847,0.01847,0.01847
Omicron_BA2,Wuhan-Hu-1,339,0.022604,0.023286,0.018287
Omicron_BA2,Wuhan-Hu-1,340,0.015709,0.015709,0.016742
Omicron_BA2,Wuhan-Hu-1,341,0.019977,0.026885,0.016305
Omicron_BA2,Wuhan-Hu-1,342,0.031367,0.031367,0.031367
Omicron_BA2,Wuhan-Hu-1,343,0.010658,0.010658,0.010658
Omicron_BA2,Wuhan-Hu-1,344,0.009257,0.009257,0.009257
Omicron_BA2,Wuhan-Hu-1,345,0.009207,0.009207,0.009207
Omicron_BA2,Wuhan-Hu-1,346,0.005496,0.005496,0.005496
Omicron_BA2,Wuhan-Hu-1,347,0.008226,0.008226,0.008253
Omicron_BA2,Wuhan-Hu-1,348,0.017134,0.016436,0.016436
Omicron_BA2,Wuhan-Hu-1,349,0.021366,0.02152,0.027974
Omicron_BA2,Wuhan-Hu-1,350,0.015106,0.015106,0.015106
Omicron_BA2,Wuhan-Hu-1,351,0.008381,0.008381,0.008381
Omicron_BA2,Wuhan-Hu-1,352,0.007297,0.007297,0.007297
Omicron_BA2,Wuhan-Hu-1,353,0.025269,0.025269,0.025269
Omicron_BA2,Wuhan-Hu-1,354,0.009357,0.009357,0.009357
Omicron_BA2,Wuhan-Hu-1,355,0.022542,0.022542,0.022542
Omicron_BA2,Wuhan-Hu-1,356,0.013579,0.013579,0.013579
Omicron_BA2,Wuhan-Hu-1,357,0.003756,0.003756,0.003045
Omicron_BA2,Wuhan-Hu-1,358,0.014804,0.014804,0.014804
Omicron_BA2,Wuhan-Hu-1,359,0.004475,0.004475,0.004475
Omicron_BA2,Wuhan-Hu-1,360,0.007399,0.007399,0.007399
Omicron_BA2,Wuhan-Hu-1,361,0.013476,0.013476,0.013637
Omicron_BA2,Wuhan-Hu-1,362,0.005796,0.005796,0.005796
Omicron_BA2,Wuhan-Hu-1,363,0.038464,0.038464,0.038464
Omicron_BA2,Wuhan-Hu-1,364,0.010838,0.010838,0.010838
Omicron_BA2,Wuhan-Hu-1,365,0.003368,0.003368,0.003368
Omicron_BA2,Wuhan-Hu-1,366,0.029289,0.029289,0.029289
Omicron_BA2,Wuhan-Hu-1,367,0.011017,0.011017,0.011017
Omicron_BA2,Wuhan-Hu-1,368,0.024837,0.024837,0.024837
Omicron_BA2,Wuhan-Hu-1,369,0.020262,0.020262,0.020262
Omicron_BA2,Wuhan-Hu-1,370,0.00818,0.00818,0.00818
Omicron_BA2,Wuhan-Hu-1,371,0.027428,0.027428,0.027428
Omicron_BA2,Wuhan-Hu-1,372,0.021332,0.021332,0.021332
Omicron_BA2,Wuhan-Hu-1,373,0.044167,0.044167,0.044167
Omicron_BA2,Wuhan-Hu-1,374,0.04952,0.04952,0.04952
Omicron_BA2,Wuhan-Hu-1,375,0.021796,0.021796,0.021796
Omicron_BA2,Wuhan-Hu-1,376,0.011592,0.011592,0.011592
Omicron_BA2,Wuhan-Hu-1,377,0.035569,0.035569,0.035569
Omicron_BA2,Wuhan-Hu-1,378,0.029605,0.029605,0.029605
Omicron_BA2,Wuhan-Hu-1,379,0.043363,0.043363,0.043363
Omicron_BA2,Wuhan-Hu-1,380,0.006883,0.006883,0.006883
Omicron_BA2,Wuhan-Hu-1,381,0.017004,0.017004,0.017004
Omicron_BA2,Wuhan-Hu-1,382,0.011998,0.011998,0.011998
Omicron_BA2,Wuhan-Hu-1,383,0.009673,0.009673,0.009673
Omicron_BA2,Wuhan-Hu-1,384,0.004964,0.004964,0.004964
Omicron_BA2,Wuhan-Hu-1,385,0.005861,0.005861,0.005861
Omicron_BA2,Wuhan-Hu-1,386,0.00617,0.00617,0.00617
Omicron_BA2,Wuhan-Hu-1,387,0.008282,0.008282,0.008282
Omicron_BA2,Wuhan-Hu-1,388,0.005222,0.005222,0.005222
Omicron_BA2,Wuhan-Hu-1,389,0.006286,0.006286,0.006286
Omicron_BA2,Wuhan-Hu-1,390,0.014285,0.014285,0.014285
Omicron_BA2,Wuhan-Hu-1,391,0.013886,0.013886,0.013886
Omicron_BA2,Wuhan-Hu-1,392,0.013226,0,0
Omicron_BA2,Wuhan-Hu-1,393,0.008805,0.008805,0.008805
Omicron_BA2,Wuhan-Hu-1,394,0.004696,0.004696,0.004696
Omicron_BA2,Wuhan-Hu-1,395,0.006533,0.006533,0.006533
Omicron_BA2,Wuhan-Hu-1,396,0.004242,0.004242,0.004242
Omicron_BA2,Wuhan-Hu-1,397,0.015637,0.015637,0.015637
Omicron_BA2,Wuhan-Hu-1,398,0.026744,0.026744,0.026744
Omicron_BA2,Wuhan-Hu-1,399,0.026413,0.026413,0.026413
Omicron_BA2,Wuhan-Hu-1,400,0.010042,0.010042,0.010042
Omicron_BA2,Wuhan-Hu-1,401,0.037711,0.037711,0.037521
Omicron_BA2,Wuhan-Hu-1,402,0.016704,0.016704,0.016704
Omicron_BA2,Wuhan-Hu-1,403,0.201704,0.201704,0.201704
Omicron_BA2,Wuhan-Hu-1,404,0.039097,0.039097,0.039097
Omicron_BA2,Wuhan-Hu-1,405,0.04764,0.04764,0.04764
Omicron_BA2,Wuhan-Hu-1,406,0.087212,0.087212,0.087212
Omicron_BA2,Wuhan-Hu-1,407,0.053755,0.053755,0.053755
Omicron_BA2,Wuhan-Hu-1,408,0.020775,0.020775,0.020775
Omicron_BA2,Wuhan-Hu-1,409,0.052632,0.052632,0.052739
Omicron_BA2,Wuhan-Hu-1,410,0.015273,0.015273,0.015273
Omicron_BA2,Wuhan-Hu-1,411,0.016077,0.016999,0.023048
Omicron_BA2,Wuhan-Hu-1,412,0.026913,0.026913,0.026913
Omicron_BA2,Wuhan-Hu-1,413,0.011139,0.011139,0.011139
Omicron_BA2,Wuhan-Hu-1,414,0.01394,0.01394,0.01394
Omicron_BA2,Wuhan-Hu-1,415,0.010468,0.010468,0.010468
Omicron_BA2,Wuhan-Hu-1,416,0.019417,0.019417,0.019417
Omicron_BA2,Wuhan-Hu-1,417,0.047078,0.047958,0.052526
Omicron_BA2,Wuhan-Hu-1,418,0.016281,0.016281,0.016281
Omicron_BA2,Wuhan-Hu-1,419,0.151082,0.16634,0.125854
Omicron_BA2,Wuhan-Hu-1,420,0.005649,0.005649,0.005117
Omicron_BA2,Wuhan-Hu-1,421,0.035023,0.035023,0.034834
Omicron_BA2,Wuhan-Hu-1,422,0.03141,0.03141,0.030212
Omicron_BA2,Wuhan-Hu-1,423,0.020793,0.020793,0.020793
Omicron_BA2,Wuhan-Hu-1,424,0.02203,0.02203,0.02203
Omicron_BA2,Wuhan-Hu-1,425,0.014394,0.013215,0.011721
Omicron_BA2,Wuhan-Hu-1,426,0.013989,0.01403,0.011339
Omicron_BA2,Wuhan-Hu-1,427,0.011392,0.011392,0.011392
Omicron_BA2,Wuhan-Hu-1,428,0.015945,0.006825,0.008542
Omicron_BA2,Wuhan-Hu-1,429,0.027402,0.017352,0.000923
Omicron_BA2,Wuhan-Hu-1,430,0.011829,0.011829,0.011829
Omicron_BA2,Wuhan-Hu-1,431,0.024463,0.014393,0.007836
Omicron_BA2,Wuhan-Hu-1,432,0.030447,0.024641,0.012971
Omicron_BA2,Wuhan-Hu-1,433,0.016486,0.012054,0.005245
Omicron_BA2,Wuhan-Hu-1,434,0.011522,0.011522,0.011522
Omicron_BA2,Wuhan-Hu-1,435,0.067615,0.067419,0.051379
Omicron_BA2,Wuhan-Hu-1,436,0.059754,0.059752,0.059752
Omicron_BA2,Wuhan-Hu-1,437,0.029544,0.029544,0.029544
Omicron_BA2,Wuhan-Hu-1,438,0.018381,0.014595,0.004883
Omicron_BA2,Wuhan-Hu-1,439,0.077666,0.077666,0.077666
Omicron_BA2,Wuhan-Hu-1,440,0.010044,0.010044,0.010044
Omicron_BA2,Wuhan-Hu-1,441,0.008044,0.008472,0.006878
Omicron_BA2,Wuhan-Hu-1,442,0.065327,0.065327,0.065327
Omicron_BA2,Wuhan-Hu-1,443,0.019027,0.018749,0.017961
Omicron_BA2,Wuhan-Hu-1,444,0.011276,0.012137,0.008856
Omicron_BA2,Wuhan-Hu-1,445,0.01387,0.01387,0.01387
Omicron_BA2,Wuhan-Hu-1,446,0.044282,0.046237,0.049647
Omicron_BA2,Wuhan-Hu-1,447,0.041931,0.037559,0.017354
Omicron_BA2,Wuhan-Hu-1,448,0.050465,0.05088,0.050245
Omicron_BA2,Wuhan-Hu-1,449,0.342482,0.342482,0.342482
Omicron_BA2,Wuhan-Hu-1,450,0.00948,0.00948,0.00948
Omicron_BA2,Wuhan-Hu-1,451,0.041435,0.041435,0.041435
Omicron_BA2,Wuhan-Hu-1,452,0.026928,0.026928,0.029867
Omicron_BA2,Wuhan-Hu-1,453,0.084706,0.068471,0.056234
Omicron_BA2,Wuhan-Hu-1,454,0.00927,0.008608,0.004858
Omicron_BA2,Wuhan-Hu-1,455,0.244903,0.201981,0.180232
Omicron_BA2,Wuhan-Hu-1,456,0.110382,0.096151,0.092611
Omicron_BA2,Wuhan-Hu-1,457,0.009716,0.009716,0.008381
Omicron_BA2,Wuhan-Hu-1,458,0.013228,0.013228,0.013228
Omicron_BA2,Wuhan-Hu-1,459,0.012642,0.01539,0.017585
Omicron_BA2,Wuhan-Hu-1,460,0.008225,0.005642,0.003761
Omicron_BA2,Wuhan-Hu-1,461,0.021419,0.021419,0.021017
Omicron_BA2,Wuhan-Hu-1,462,0.00476,0.004714,0.004055
Omicron_BA2,Wuhan-Hu-1,463,0.0275,0.0275,0.037846
Omicron_BA2,Wuhan-Hu-1,464,0.014332,0.012705,0.009991
Omicron_BA2,Wuhan-Hu-1,465,0.012532,0.012532,0.009779
Omicron_BA2,Wuhan-Hu-1,466,0.013558,0.014312,0.008861
Omicron_BA2,Wuhan-Hu-1,467,0.022335,0.015024,0.003444
Omicron_BA2,Wuhan-Hu-1,468,0.006239,0.005167,0.006206
Omicron_BA2,Wuhan-Hu-1,469,0.009883,0.009883,0.009424
Omicron_BA2,Wuhan-Hu-1,470,0.022199,0.024179,0.035592
Omicron_BA2,Wuhan-Hu-1,471,0.013899,0.013899,0.010036
Omicron_BA2,Wuhan-Hu-1,472,0.014564,0.014564,0.013353
Omicron_BA2,Wuhan-Hu-1,473,0.017631,0.017112,0.024048
Omicron_BA2,Wuhan-Hu-1,474,0.021765,0.021765,0.021765
Omicron_BA2,Wuhan-Hu-1,475,0.049771,0.049543,0.04649
Omicron_BA2,Wuhan-Hu-1,476,0.057983,0.057271,0.054756
Omicron_BA2,Wuhan-Hu-1,477,0.013279,0.013279,0.014537
Omicron_BA2,Wuhan-Hu-1,478,0.007993,0.008324,0.007737
Omicron_BA2,Wuhan-Hu-1,479,0.018969,0.026933,0.009567
Omicron_BA2,Wuhan-Hu-1,480,0.019444,0.001657,0
Omicron_BA2,Wuhan-Hu-1,481,0.013583,0.013583,0.004744
Omicron_BA2,Wuhan-Hu-1,482,0.013648,0.013648,0.011066
Omicron_BA2,Wuhan-Hu-1,483,0.012342,0.011711,0.011072
Omicron_BA2,Wuhan-Hu-1,484,0.036523,0.036523,0.022023
Omicron_BA2,Wuhan-Hu-1,485,0.038198,0.036742,0.039616
Omicron_BA2,Wuhan-Hu-1,486,0.024122,0.025166,0.014488
Omicron_BA2,Wuhan-Hu-1,487,0.044914,0.03981,0.033151
Omicron_BA2,Wuhan-Hu-1,488,0.03753,0.034203,0.026272
Omicron_BA2,Wuhan-Hu-1,489,0.01203,0.00877,0.008301
Omicron_BA2,Wuhan-Hu-1,490,0.024159,0.024159,0.024159
Omicron_BA2,Wuhan-Hu-1,491,0.108018,0.047584,0.003298
Omicron_BA2,Wuhan-Hu-1,492,0.012785,0.012375,0.008527
Omicron_BA2,Wuhan-Hu-1,493,0.061411,0.046802,0.039492
Omicron_BA2,Wuhan-Hu-1,494,0.195302,0.195302,0.195302
Omicron_BA2,Wuhan-Hu-1,495,0.037005,0.029735,0.025466
Omicron_BA2,Wuhan-Hu-1,496,0.152571,0.152571,0.152571
Omicron_BA2,Wuhan-Hu-1,497,0.020175,0.020175,0.020175
Omicron_BA2,Wuhan-Hu-1,498,0.369998,0.369998,0.357264
Omicron_BA2,Wuhan-Hu-1,499,0.050179,0.050179,0.050179
Omicron_BA2,Wuhan-Hu-1,500,0.039827,0.039827,0.039827
Omicron_BA2,Wuhan-Hu-1,501,0.165424,0.165424,0.164869
Omicron_BA2,Wuhan-Hu-1,502,0.008216,0.008216,0.002476
Omicron_BA2,Wuhan-Hu-1,503,0.043349,0.043349,0.043349
Omicron_BA2,Wuhan-Hu-1,504,0.043253,0.045588,0.049076
Omicron_BA2,Wuhan-Hu-1,505,0.191624,0.189784,0.188371
Omicron_BA2,Wuhan-Hu-1,506,0.084303,0.084303,0.090083
Omicron_BA2,Wuhan-Hu-1,507,0.044271,0.037772,0.023994
Omicron_BA2,Wuhan-Hu-1,508,0.069777,0.069777,0.069777
Omicron_BA2,Wuhan-Hu-1,509,0.004378,0.001345,0.000313
Omicron_BA2,Wuhan-Hu-1,510,0.018116,0.011409,0.004115
Omicron_BA2,Wuhan-Hu-1,511,0.02026,0.018492,0.017919
Omicron_BA2,Wuhan-Hu-1,512,0.016857,0.013766,0.0104
Omicron_BA2,Wuhan-Hu-1,513,0.011537,0.008142,0.006197
Omicron_BA2,Wuhan-Hu-1,514,0.013917,0.014667,0.015322
Omicron_BA2,Wuhan-Hu-1,515,0.013134,0.013134,0.013134
Omicron_BA2,Wuhan-Hu-1,516,0.01116,0.01116,0.01116
Omicron_BA2,Wuhan-Hu-1,517,0.003953,0.003953,0.003953
Omicron_BA2,Wuhan-Hu-1,518,0.003523,0.003523,0.003523
Omicron_BA2,Wuhan-Hu-1,519,0.00588,0.00588,0.00588
Omicron_BA2,Wuhan-Hu-1,520,0.00276,0.00276,0.00276
Omicron_BA2,Wuhan-Hu-1,521,0.007872,0.008387,0.004707
Omicron_BA2,Wuhan-Hu-1,522,0.00508,0.005985,0.005155
Omicron_BA2,Wuhan-Hu-1,523,0.007623,0.007729,0.006841
Omicron_BA2,Wuhan-Hu-1,524,0.009126,0.002979,0.001313
Omicron_BA2,Wuhan-Hu-1,525,0.002649,0.002649,0.002634
Omicron_BA2,Wuhan-Hu-1,526,0.003659,0.004185,0.002326
Omicron_BA2,Wuhan-Hu-1,527,0.005308,0.004622,0.004587
Omicron_BA2,Wuhan-Hu-1,528,0.004134,0.004134,0.004134
Omicron_BA2,Wuhan-Hu-1,529,0.001474,0.001634,0.001635
Omicron_BA2,Wuhan-Hu-1,530,0.003366,0.003519,0.003351
Omicron_BA2,Wuhan-Hu-1,531,0.008003,0.000929,0
Omicron_BA2,Omicron_BA1,331,0.003126,0.003126,0.003126
Omicron_BA2,Omicron_BA1,332,0.004888,0.004888,0.004888
Omicron_BA2,Omicron_BA1,333,0.00285,0.00285,0.00285
Omicron_BA2,Omicron_BA1,334,0.001122,0.001122,0.001122
Omicron_BA2,Omicron_BA1,335,0.003581,0.003581,0.003581
Omicron_BA2,Omicron_BA1,336,0.01314,0.01314,0.01314
Omicron_BA2,Omicron_BA1,337,0.002871,0.002871,0.002871
Omicron_BA2,Omicron_BA1,338,0.002602,0.002602,0.002602
Omicron_BA2,Omicron_BA1,339,0.008021,0.008021,0.008021
Omicron_BA2,Omicron_BA1,340,0.004265,0.004265,0.004265
Omicron_BA2,Omicron_BA1,341,0.010154,0.010154,0.010154
Omicron_BA2,Omicron_BA1,342,0.030914,0.030914,0.030914
Omicron_BA2,Omicron_BA1,343,0.010149,0.010149,0.010149
Omicron_BA2,Omicron_BA1,344,0.003907,0.003907,0.003907
Omicron_BA2,Omicron_BA1,345,0.003936,0.003936,0.003936
Omicron_BA2,Omicron_BA1,346,0.00329,0.00329,0.00329
Omicron_BA2,Omicron_BA1,347,0.018919,0.018919,0.018919
Omicron_BA2,Omicron_BA1,348,0.002153,0.002153,0.002153
Omicron_BA2,Omicron_BA1,349,0.033677,0.033677,0.033677
Omicron_BA2,Omicron_BA1,350,0.015089,0.015089,0.015089
Omicron_BA2,Omicron_BA1,351,0.034953,0.034953,0.034953
Omicron_BA2,Omicron_BA1,352,0.003075,0.003075,0.003075
Omicron_BA2,Omicron_BA1,353,0.014815,0.014815,0.014815
Omicron_BA2,Omicron_BA1,354,0.001899,0.001899,0.001899
Omicron_BA2,Omicron_BA1,355,0.003284,0.003284,0.003284
Omicron_BA2,Omicron_BA1,356,9e-04,9e-04,9e-04
Omicron_BA2,Omicron_BA1,357,0.002363,0.002363,0.002363
Omicron_BA2,Omicron_BA1,358,0.00182,0.00182,0.00182
Omicron_BA2,Omicron_BA1,359,0.006415,0.006415,0.006415
Omicron_BA2,Omicron_BA1,360,0.004286,0.004286,0.004286
Omicron_BA2,Omicron_BA1,361,0.022605,0.022605,0.022605
Omicron_BA2,Omicron_BA1,362,0.001731,0.001731,0.001731
Omicron_BA2,Omicron_BA1,363,0.005997,0.005997,0.005997
Omicron_BA2,Omicron_BA1,364,0.011198,0.011198,0.011198
Omicron_BA2,Omicron_BA1,365,0.001923,0.001923,0.001923
Omicron_BA2,Omicron_BA1,366,0.006672,0.006672,0.006672
Omicron_BA2,Omicron_BA1,367,0.008305,0.008305,0.008305
Omicron_BA2,Omicron_BA1,368,0.015637,0.015637,0.015637
Omicron_BA2,Omicron_BA1,369,0.009489,0.009489,0.009489
Omicron_BA2,Omicron_BA1,370,0.00521,0.00521,0.00521
Omicron_BA2,Omicron_BA1,371,0.008372,0.008372,0.008372
Omicron_BA2,Omicron_BA1,372,0.012879,0.012879,0.012879
Omicron_BA2,Omicron_BA1,373,0.010567,0.010567,0.010567
Omicron_BA2,Omicron_BA1,374,0.00517,0.00517,0.00517
Omicron_BA2,Omicron_BA1,375,0.006798,0.006798,0.006798
Omicron_BA2,Omicron_BA1,376,0.004396,0.004396,0.004396
Omicron_BA2,Omicron_BA1,377,0.023431,0.023431,0.023431
Omicron_BA2,Omicron_BA1,378,0.013943,0.013943,0.013943
Omicron_BA2,Omicron_BA1,379,0.015602,0.015602,0.015602
Omicron_BA2,Omicron_BA1,380,0.003271,0.003271,0.003271
Omicron_BA2,Omicron_BA1,381,0.013972,0.013972,0.013972
Omicron_BA2,Omicron_BA1,382,0.00981,0.00981,0.00981
Omicron_BA2,Omicron_BA1,383,0.008887,0.008887,0.008887
Omicron_BA2,Omicron_BA1,384,0.003256,0.003256,0.003256
Omicron_BA2,Omicron_BA1,385,0.002806,0.002806,0.002806
Omicron_BA2,Omicron_BA1,386,0.005164,0.005164,0.005164
Omicron_BA2,Omicron_BA1,387,0.019938,0.019938,0.019938
Omicron_BA2,Omicron_BA1,388,0.002982,0.002982,0.002982
Omicron_BA2,Omicron_BA1,389,0.002358,0.002358,0.002358
Omicron_BA2,Omicron_BA1,390,0.007059,0.007059,0.007059
Omicron_BA2,Omicron_BA1,391,0.028607,0.028607,0.028607
Omicron_BA2,Omicron_BA1,392,0.000385,0,0
Omicron_BA2,Omicron_BA1,393,0.003637,0.003637,0.003637
Omicron_BA2,Omicron_BA1,394,0.017453,0.017453,0.017453
Omicron_BA2,Omicron_BA1,395,0.009308,0.009308,0.009308
Omicron_BA2,Omicron_BA1,396,0.003807,0.003807,0.003807
Omicron_BA2,Omicron_BA1,397,0.010395,0.010395,0.010395
Omicron_BA2,Omicron_BA1,398,0.002799,0.002799,0.002799
Omicron_BA2,Omicron_BA1,399,0.004342,0.004342,0.004342
Omicron_BA2,Omicron_BA1,400,0.005122,0.005122,0.005122
Omicron_BA2,Omicron_BA1,401,0.01984,0.01984,0.01984
Omicron_BA2,Omicron_BA1,402,0.018523,0.018523,0.018523
Omicron_BA2,Omicron_BA1,403,0.100824,0.100824,0.100824
Omicron_BA2,Omicron_BA1,404,0.040646,0.040646,0.040646
Omicron_BA2,Omicron_BA1,405,0.012536,0.012536,0.012536
Omicron_BA2,Omicron_BA1,406,0.074183,0.074183,0.074183
Omicron_BA2,Omicron_BA1,407,0.027606,0.027606,0.027606
Omicron_BA2,Omicron_BA1,408,0.013317,0.013317,0.013317
Omicron_BA2,Omicron_BA1,409,0.014731,0.014731,0.014731
Omicron_BA2,Omicron_BA1,410,0.003596,0.003596,0.003596
Omicron_BA2,Omicron_BA1,411,0.012221,0.012221,0.012221
Omicron_BA2,Omicron_BA1,412,0.008042,0.008042,0.008042
Omicron_BA2,Omicron_BA1,413,0.001778,0.001778,0.001778
Omicron_BA2,Omicron_BA1,414,0.006882,0.006882,0.006882
Omicron_BA2,Omicron_BA1,415,0.001267,0.001267,0.001267
Omicron_BA2,Omicron_BA1,416,0.012609,0.012609,0.012609
Omicron_BA2,Omicron_BA1,417,0.014432,0.014432,0.014432
Omicron_BA2,Omicron_BA1,418,0.013301,0.013301,0.013301
Omicron_BA2,Omicron_BA1,419,0.004638,0.004638,0.004638
Omicron_BA2,Omicron_BA1,420,0.006182,0.006182,0.006182
Omicron_BA2,Omicron_BA1,421,0.013498,0.013498,0.013498
Omicron_BA2,Omicron_BA1,422,0.006247,0.006247,0.006247
Omicron_BA2,Omicron_BA1,423,0.005447,0.005447,0.005447
Omicron_BA2,Omicron_BA1,424,0.011479,0.011479,0.011479
Omicron_BA2,Omicron_BA1,425,0.002071,0.001707,0.001707
Omicron_BA2,Omicron_BA1,426,0.013545,0.013545,0.013545
Omicron_BA2,Omicron_BA1,427,0.001993,0.001993,0.001993
Omicron_BA2,Omicron_BA1,428,0.004682,0.004682,0.004682
Omicron_BA2,Omicron_BA1,429,0.004793,0.004793,0.004793
Omicron_BA2,Omicron_BA1,430,0.001346,0.001346,0.001346
Omicron_BA2,Omicron_BA1,431,0.003347,0.003347,0.003347
Omicron_BA2,Omicron_BA1,432,0.017609,0.017609,0.017609
Omicron_BA2,Omicron_BA1,433,0.001524,0.001524,0.001524
Omicron_BA2,Omicron_BA1,434,0.009471,0.009471,0.009471
Omicron_BA2,Omicron_BA1,435,0.025739,0.025739,0.025739
Omicron_BA2,Omicron_BA1,436,0.032974,0.032974,0.032974
Omicron_BA2,Omicron_BA1,437,0.065799,0.065799,0.065799
Omicron_BA2,Omicron_BA1,438,0.020541,0.020541,0.020541
Omicron_BA2,Omicron_BA1,439,0.025128,0.025128,0.025128
Omicron_BA2,Omicron_BA1,440,0.001731,0.001731,0.001731
Omicron_BA2,Omicron_BA1,441,0.005807,0.005807,0.005807
Omicron_BA2,Omicron_BA1,442,0.007113,0.007113,0.007113
Omicron_BA2,Omicron_BA1,443,0.023436,0.023436,0.023436
Omicron_BA2,Omicron_BA1,444,0.012799,0.012799,0.012799
Omicron_BA2,Omicron_BA1,445,0.01421,0.01421,0.01421
Omicron_BA2,Omicron_BA1,446,0.006279,0.006279,0.006279
Omicron_BA2,Omicron_BA1,447,0.003467,0.003467,0.003467
Omicron_BA2,Omicron_BA1,448,0.038111,0.038111,0.038111
Omicron_BA2,Omicron_BA1,449,0.016701,0.016701,0.016701
Omicron_BA2,Omicron_BA1,450,0.008008,0.008008,0.008008
Omicron_BA2,Omicron_BA1,451,0.049033,0.049033,0.049033
Omicron_BA2,Omicron_BA1,452,0.023093,0.023093,0.023093
Omicron_BA2,Omicron_BA1,453,0.02395,0.02395,0.02395
Omicron_BA2,Omicron_BA1,454,0.005706,0.005706,0.005706
Omicron_BA2,Omicron_BA1,455,0.073757,0.073757,0.073757
Omicron_BA2,Omicron_BA1,456,0.009625,0.009625,0.009625
Omicron_BA2,Omicron_BA1,457,0.023038,0.023038,0.023038
Omicron_BA2,Omicron_BA1,458,0.002248,0.002248,0.002248
Omicron_BA2,Omicron_BA1,459,0.002884,0.002884,0.002884
Omicron_BA2,Omicron_BA1,460,0.002268,0.002268,0.002268
Omicron_BA2,Omicron_BA1,461,0.004905,0.004905,0.004905
Omicron_BA2,Omicron_BA1,462,0.001429,0.001429,0.001429
Omicron_BA2,Omicron_BA1,463,0.0274,0.0274,0.0274
Omicron_BA2,Omicron_BA1,464,0.009098,0.009098,0.009098
Omicron_BA2,Omicron_BA1,465,0.019836,0.019836,0.019836
Omicron_BA2,Omicron_BA1,466,0.022259,0.022259,0.022259
Omicron_BA2,Omicron_BA1,467,0.009935,0.009935,0.009935
Omicron_BA2,Omicron_BA1,468,0.005316,0.005316,0.005316
Omicron_BA2,Omicron_BA1,469,0.013305,0.013305,0.013305
Omicron_BA2,Omicron_BA1,470,0.006734,0.006734,0.006734
Omicron_BA2,Omicron_BA1,471,0.002312,0.002312,0.002312
Omicron_BA2,Omicron_BA1,472,0.004848,0.004848,0.004848
Omicron_BA2,Omicron_BA1,473,0.023434,0.023434,0.023434
Omicron_BA2,Omicron_BA1,474,0.003835,0.003835,0.003835
Omicron_BA2,Omicron_BA1,475,0.010288,0.010288,0.010288
Omicron_BA2,Omicron_BA1,476,0.01236,0.01236,0.01236
Omicron_BA2,Omicron_BA1,477,0.002743,0.002743,0.002743
Omicron_BA2,Omicron_BA1,478,0.003053,0.003053,0.003053
Omicron_BA2,Omicron_BA1,479,0.003627,0.003627,0.003627
Omicron_BA2,Omicron_BA1,480,0.008821,0.008821,0.008821
Omicron_BA2,Omicron_BA1,481,0.004425,0.004425,0.004425
Omicron_BA2,Omicron_BA1,482,0.006008,0.006008,0.006008
Omicron_BA2,Omicron_BA1,483,0.003507,0.003507,0.003507
Omicron_BA2,Omicron_BA1,484,0.017533,0.017533,0.017533
Omicron_BA2,Omicron_BA1,485,0.004411,0.004411,0.004411
Omicron_BA2,Omicron_BA1,486,0.003171,0.003171,0.003171
Omicron_BA2,Omicron_BA1,487,0.007481,0.007481,0.007481
Omicron_BA2,Omicron_BA1,488,0.01971,0.01971,0.01971
Omicron_BA2,Omicron_BA1,489,0.007636,0.007636,0.007636
Omicron_BA2,Omicron_BA1,490,0.004492,0.004492,0.004492
Omicron_BA2,Omicron_BA1,491,0.012451,0.012451,0.012451
Omicron_BA2,Omicron_BA1,492,0.011507,0.011507,0.011507
Omicron_BA2,Omicron_BA1,493,0.009168,0.009168,0.009168
Omicron_BA2,Omicron_BA1,494,0.066286,0.066286,0.066286
Omicron_BA2,Omicron_BA1,495,0.085339,0.085339,0.085339
Omicron_BA2,Omicron_BA1,496,0.030726,0.030726,0.030726
Omicron_BA2,Omicron_BA1,497,0.024109,0.024109,0.024109
Omicron_BA2,Omicron_BA1,498,0.04804,0.04804,0.04804
Omicron_BA2,Omicron_BA1,499,0.047354,0.047354,0.047354
Omicron_BA2,Omicron_BA1,500,0.010677,0.010677,0.010677
Omicron_BA2,Omicron_BA1,501,0.033819,0.033819,0.033819
Omicron_BA2,Omicron_BA1,502,0.001115,0.001115,0.001115
Omicron_BA2,Omicron_BA1,503,0.008727,0.008727,0.008727
Omicron_BA2,Omicron_BA1,504,0.039722,0.039722,0.039722
Omicron_BA2,Omicron_BA1,505,0.05395,0.05395,0.05395
Omicron_BA2,Omicron_BA1,506,0.044856,0.044856,0.044856
Omicron_BA2,Omicron_BA1,507,0.014808,0.014808,0.014808
Omicron_BA2,Omicron_BA1,508,0.035103,0.035103,0.035103
Omicron_BA2,Omicron_BA1,509,0.007581,0.007581,0.007581
Omicron_BA2,Omicron_BA1,510,0.008141,0.008141,0.008141
Omicron_BA2,Omicron_BA1,511,0.006783,0.006783,0.006783
Omicron_BA2,Omicron_BA1,512,0.003287,0.003287,0.003287
Omicron_BA2,Omicron_BA1,513,0.004877,0.004877,0.004877
Omicron_BA2,Omicron_BA1,514,0.004885,0.004885,0.004885
Omicron_BA2,Omicron_BA1,515,0.021148,0.021148,0.021148
Omicron_BA2,Omicron_BA1,516,0.002627,0.002627,0.002627
Omicron_BA2,Omicron_BA1,517,0.005613,0.005613,0.005613
Omicron_BA2,Omicron_BA1,518,0.004115,0.004115,0.004115
Omicron_BA2,Omicron_BA1,519,0.002626,0.002626,0.002626
Omicron_BA2,Omicron_BA1,520,0.003598,0.003598,0.003279
Omicron_BA2,Omicron_BA1,521,0.001787,0.001787,0.001787
Omicron_BA2,Omicron_BA1,522,0.001208,0.001208,0.001208
Omicron_BA2,Omicron_BA1,523,0.001495,0.001495,0.001495
Omicron_BA2,Omicron_BA1,524,0.001223,0.001223,0.001223
Omicron_BA2,Omicron_BA1,525,0.014536,0.014536,0.014536
Omicron_BA2,Omicron_BA1,526,0.002889,0.002889,0.002889
Omicron_BA2,Omicron_BA1,527,0.000949,0.000949,0.000949
Omicron_BA2,Omicron_BA1,528,0.002174,0.002174,0.002174
Omicron_BA2,Omicron_BA1,529,0.004085,0.004085,0.004085
Omicron_BA2,Omicron_BA1,530,0.00361,0.00361,0.00361
Omicron_BA2,Omicron_BA1,531,0.003029,0.003029,0.003029
